Genotype,Condition,Odor,Response.time,Experimenter,Date,Average,NR
N2,control,30pct,12.31,TB,2024-01-21,,
N2,control,30pct,4.84,TB,2024-01-21,,
N2,control,30pct,7.8,TB,2024-01-21,,
N2,control,30pct,16.57,TB,2024-01-21,,
N2,control,30pct,2.91,TB,2024-01-21,,
N2,control,30pct,7.35,TB,2024-01-21,,
N2,control,30pct,3.97,TB,2024-01-21,,
N2,control,30pct,5.01,TB,2024-01-21,,
N2,control,30pct,8.1,TB,2024-01-21,,
N2,control,30pct,8.21,TB,2024-01-21,,
N2,control,30pct,17.05,TB,2024-01-21,,
N2,control,30pct,6.88,TB,2024-01-21,,
N2,control,30pct,2.29,TB,2024-01-21,,
N2,control,30pct,17.94,TB,2024-01-21,,
N2,control,30pct,4.94,TB,2024-01-21,,
N2,control,30pct,18.7,TB,2024-01-21,,
N2,control,30pct,3.38,TB,2024-01-21,,
N2,control,30pct,9.2,TB,2024-01-21,,
N2,control,30pct,3.46,TB,2024-01-21,,
N2,control,30pct,9.63,TB,2024-01-21,,
N2,control,30pct,15.16,TB,2024-01-21,,
N2,control,30pct,11.51,TB,2024-01-21,,
N2,control,30pct,10.49,TB,2024-01-21,9.030434783,3
tbh-1,control,30pct,4.23,TB,2024-01-21,,
tbh-1,control,30pct,5.68,TB,2024-01-21,,
tbh-1,control,30pct,9.97,TB,2024-01-21,,
tbh-1,control,30pct,4.18,TB,2024-01-21,,
tbh-1,control,30pct,13.78,TB,2024-01-21,,
tbh-1,control,30pct,2.46,TB,2024-01-21,,
tbh-1,control,30pct,8.51,TB,2024-01-21,,
tbh-1,control,30pct,1.53,TB,2024-01-21,,
tbh-1,control,30pct,3.77,TB,2024-01-21,,
tbh-1,control,30pct,8.21,TB,2024-01-21,,
tbh-1,control,30pct,8.13,TB,2024-01-21,,
tbh-1,control,30pct,6.31,TB,2024-01-21,,
tbh-1,control,30pct,7.62,TB,2024-01-21,,
tbh-1,control,30pct,5.75,TB,2024-01-21,,
tbh-1,control,30pct,7.98,TB,2024-01-21,,
tbh-1,control,30pct,2.37,TB,2024-01-21,,
tbh-1,control,30pct,1.41,TB,2024-01-21,,
tbh-1,control,30pct,1.13,TB,2024-01-21,5.723333333,1
cest-2.1,control,30pct,6.27,TB,2024-01-21,,
cest-2.1,control,30pct,11.12,TB,2024-01-21,,
cest-2.1,control,30pct,9.42,TB,2024-01-21,,
cest-2.1,control,30pct,6.22,TB,2024-01-21,,
cest-2.1,control,30pct,4.15,TB,2024-01-21,,
cest-2.1,control,30pct,1.64,TB,2024-01-21,,
cest-2.1,control,30pct,4.27,TB,2024-01-21,,
cest-2.1,control,30pct,1.18,TB,2024-01-21,,
cest-2.1,control,30pct,5.51,TB,2024-01-21,,
cest-2.1,control,30pct,8.75,TB,2024-01-21,,
cest-2.1,control,30pct,3.47,TB,2024-01-21,,
cest-2.1,control,30pct,1.71,TB,2024-01-21,,
cest-2.1,control,30pct,5.81,TB,2024-01-21,,
cest-2.1,control,30pct,2.84,TB,2024-01-21,,
cest-2.1,control,30pct,6.2,TB,2024-01-21,,
cest-2.1,control,30pct,6.65,TB,2024-01-21,,
cest-2.1,control,30pct,7.03,TB,2024-01-21,,
cest-2.1,control,30pct,2.02,TB,2024-01-21,,
cest-2.1,control,30pct,3.43,TB,2024-01-21,,
cest-2.1,control,30pct,7.19,TB,2024-01-21,,
cest-2.1,control,30pct,1.54,TB,2024-01-21,5.067619048,2
cest-2.1,4mMOA,30pct,13.95,TB,2024-01-21,,
cest-2.1,4mMOA,30pct,9.19,TB,2024-01-21,,
cest-2.1,4mMOA,30pct,4.35,TB,2024-01-21,,
cest-2.1,4mMOA,30pct,14.93,TB,2024-01-21,,
cest-2.1,4mMOA,30pct,8.37,TB,2024-01-21,,
cest-2.1,4mMOA,30pct,4.83,TB,2024-01-21,,
cest-2.1,4mMOA,30pct,13.16,TB,2024-01-21,,
cest-2.1,4mMOA,30pct,14.2,TB,2024-01-21,,
cest-2.1,4mMOA,30pct,9.05,TB,2024-01-21,,
cest-2.1,4mMOA,30pct,13.26,TB,2024-01-21,,
cest-2.1,4mMOA,30pct,11.07,TB,2024-01-21,,
cest-2.1,4mMOA,30pct,8.08,TB,2024-01-21,,
cest-2.1,4mMOA,30pct,10.25,TB,2024-01-21,,
cest-2.1,4mMOA,30pct,14.19,TB,2024-01-21,,
cest-2.1,4mMOA,30pct,11.31,TB,2024-01-21,,
cest-2.1,4mMOA,30pct,9.03,TB,2024-01-21,,
cest-2.1,4mMOA,30pct,5.41,TB,2024-01-21,10.27235294,2
N2,4mMOA,30pct,11.47,TB,2024-01-21,,
N2,4mMOA,30pct,17.31,TB,2024-01-21,,
N2,4mMOA,30pct,12.16,TB,2024-01-21,,
N2,4mMOA,30pct,5.89,TB,2024-01-21,,
N2,4mMOA,30pct,7.53,TB,2024-01-21,,
N2,4mMOA,30pct,6.63,TB,2024-01-21,,
N2,4mMOA,30pct,10.01,TB,2024-01-21,,
N2,4mMOA,30pct,13.61,TB,2024-01-21,,
N2,4mMOA,30pct,9.75,TB,2024-01-21,,
N2,4mMOA,30pct,11.33,TB,2024-01-21,,
N2,4mMOA,30pct,4.08,TB,2024-01-21,,
N2,4mMOA,30pct,13.42,TB,2024-01-21,,
N2,4mMOA,30pct,8.45,TB,2024-01-21,,
N2,4mMOA,30pct,6.38,TB,2024-01-21,,
N2,4mMOA,30pct,3.73,TB,2024-01-21,,
N2,4mMOA,30pct,14.58,TB,2024-01-21,,
N2,4mMOA,30pct,5.84,TB,2024-01-21,,
N2,4mMOA,30pct,12.79,TB,2024-01-21,,
N2,4mMOA,30pct,6.94,TB,2024-01-21,,
N2,4mMOA,30pct,2.83,TB,2024-01-21,9.2365,3
tbh-1,4mMOA,30pct,3.87,TB,2024-01-21,,
tbh-1,4mMOA,30pct,8.87,TB,2024-01-21,,
tbh-1,4mMOA,30pct,11.45,TB,2024-01-21,,
tbh-1,4mMOA,30pct,3.99,TB,2024-01-21,,
tbh-1,4mMOA,30pct,10.46,TB,2024-01-21,,
tbh-1,4mMOA,30pct,7.17,TB,2024-01-21,,
tbh-1,4mMOA,30pct,8.01,TB,2024-01-21,,
tbh-1,4mMOA,30pct,3.46,TB,2024-01-21,,
tbh-1,4mMOA,30pct,17.74,TB,2024-01-21,,
tbh-1,4mMOA,30pct,14.38,TB,2024-01-21,,
tbh-1,4mMOA,30pct,1.13,TB,2024-01-21,,
tbh-1,4mMOA,30pct,4.19,TB,2024-01-21,,
tbh-1,4mMOA,30pct,6.79,TB,2024-01-21,,
tbh-1,4mMOA,30pct,3.04,TB,2024-01-21,,
tbh-1,4mMOA,30pct,8.21,TB,2024-01-21,,
tbh-1,4mMOA,30pct,12.52,TB,2024-01-21,7.83,2
N2,control,30pct,7.16,TB,2024-01-30,,
N2,control,30pct,7.54,TB,2024-01-30,,
N2,control,30pct,6.62,TB,2024-01-30,,
N2,control,30pct,6.68,TB,2024-01-30,,
N2,control,30pct,1.51,TB,2024-01-30,,
N2,control,30pct,2.13,TB,2024-01-30,,
N2,control,30pct,3.95,TB,2024-01-30,,
N2,control,30pct,5.29,TB,2024-01-30,,
N2,control,30pct,5.45,TB,2024-01-30,,
N2,control,30pct,5.51,TB,2024-01-30,,
N2,control,30pct,13.51,TB,2024-01-30,,
N2,control,30pct,15.69,TB,2024-01-30,,
N2,control,30pct,2.81,TB,2024-01-30,,
N2,control,30pct,16.04,TB,2024-01-30,,
N2,control,30pct,12.68,TB,2024-01-30,,
N2,control,30pct,19.82,TB,2024-01-30,,
N2,control,30pct,11.71,TB,2024-01-30,,
N2,control,30pct,7.39,TB,2024-01-30,,
N2,control,30pct,11,TB,2024-01-30,,
N2,control,30pct,3.14,TB,2024-01-30,,
N2,control,30pct,9.55,TB,2024-01-30,,
N2,control,30pct,10.63,TB,2024-01-30,8.445909091,0
cest-2.1,control,30pct,2.02,TB,2024-01-30,,
cest-2.1,control,30pct,3.39,TB,2024-01-30,,
cest-2.1,control,30pct,11.78,TB,2024-01-30,,
cest-2.1,control,30pct,3.2,TB,2024-01-30,,
cest-2.1,control,30pct,4.92,TB,2024-01-30,,
cest-2.1,control,30pct,7.39,TB,2024-01-30,,
cest-2.1,control,30pct,2.27,TB,2024-01-30,,
cest-2.1,control,30pct,4.95,TB,2024-01-30,,
cest-2.1,control,30pct,2.55,TB,2024-01-30,,
cest-2.1,control,30pct,12.96,TB,2024-01-30,,
cest-2.1,control,30pct,4.41,TB,2024-01-30,,
cest-2.1,control,30pct,1.93,TB,2024-01-30,,
cest-2.1,control,30pct,8.29,TB,2024-01-30,,
cest-2.1,control,30pct,2.6,TB,2024-01-30,,
cest-2.1,control,30pct,1.28,TB,2024-01-30,,
cest-2.1,control,30pct,7.65,TB,2024-01-30,,
cest-2.1,control,30pct,7.04,TB,2024-01-30,,
cest-2.1,control,30pct,1.96,TB,2024-01-30,,
cest-2.1,control,30pct,6.13,TB,2024-01-30,,
cest-2.1,control,30pct,3.66,TB,2024-01-30,5.019,1
tbh-1,control,30pct,8.34,TB,2024-01-30,,
tbh-1,control,30pct,2.59,TB,2024-01-30,,
tbh-1,control,30pct,6.32,TB,2024-01-30,,
tbh-1,control,30pct,3.55,TB,2024-01-30,,
tbh-1,control,30pct,8.75,TB,2024-01-30,,
tbh-1,control,30pct,5.71,TB,2024-01-30,,
tbh-1,control,30pct,7.67,TB,2024-01-30,,
tbh-1,control,30pct,2.12,TB,2024-01-30,,
tbh-1,control,30pct,3.91,TB,2024-01-30,,
tbh-1,control,30pct,6.36,TB,2024-01-30,,
tbh-1,control,30pct,5.48,TB,2024-01-30,,
tbh-1,control,30pct,5.42,TB,2024-01-30,,
tbh-1,control,30pct,2.41,TB,2024-01-30,,
tbh-1,control,30pct,1.96,TB,2024-01-30,,
tbh-1,control,30pct,9.24,TB,2024-01-30,,
tbh-1,control,30pct,2.05,TB,2024-01-30,,
tbh-1,control,30pct,6.08,TB,2024-01-30,,
tbh-1,control,30pct,14.55,TB,2024-01-30,,
tbh-1,control,30pct,6.04,TB,2024-01-30,5.713157895,3
N2,4mMOA,30pct,4.23,TB,2024-01-30,,
N2,4mMOA,30pct,12.33,TB,2024-01-30,,
N2,4mMOA,30pct,14.38,TB,2024-01-30,,
N2,4mMOA,30pct,9.28,TB,2024-01-30,,
N2,4mMOA,30pct,9.92,TB,2024-01-30,,
N2,4mMOA,30pct,11.43,TB,2024-01-30,,
N2,4mMOA,30pct,6.11,TB,2024-01-30,,
N2,4mMOA,30pct,8.6,TB,2024-01-30,,
N2,4mMOA,30pct,12.41,TB,2024-01-30,,
N2,4mMOA,30pct,14.42,TB,2024-01-30,,
N2,4mMOA,30pct,4.3,TB,2024-01-30,,
N2,4mMOA,30pct,7.89,TB,2024-01-30,,
N2,4mMOA,30pct,8.34,TB,2024-01-30,,
N2,4mMOA,30pct,3.36,TB,2024-01-30,,
N2,4mMOA,30pct,15.69,TB,2024-01-30,,
N2,4mMOA,30pct,3.9,TB,2024-01-30,,
N2,4mMOA,30pct,13.46,TB,2024-01-30,,
N2,4mMOA,30pct,10.06,TB,2024-01-30,,
N2,4mMOA,30pct,21.21,TB,2024-01-30,,
N2,4mMOA,30pct,2.26,TB,2024-01-30,,
N2,4mMOA,30pct,6.38,TB,2024-01-30,,
N2,4mMOA,30pct,19.81,TB,2024-01-30,,
N2,4mMOA,30pct,12.98,TB,2024-01-30,10.11956522,3
cest-2.1,4mMOA,30pct,6.82,TB,2024-01-30,,
cest-2.1,4mMOA,30pct,6.41,TB,2024-01-30,,
cest-2.1,4mMOA,30pct,7.62,TB,2024-01-30,,
cest-2.1,4mMOA,30pct,4.12,TB,2024-01-30,,
cest-2.1,4mMOA,30pct,8.28,TB,2024-01-30,,
cest-2.1,4mMOA,30pct,12.2,TB,2024-01-30,,
cest-2.1,4mMOA,30pct,0.93,TB,2024-01-30,,
cest-2.1,4mMOA,30pct,0.81,TB,2024-01-30,,
cest-2.1,4mMOA,30pct,7.27,TB,2024-01-30,,
cest-2.1,4mMOA,30pct,2.47,TB,2024-01-30,,
cest-2.1,4mMOA,30pct,8.74,TB,2024-01-30,,
cest-2.1,4mMOA,30pct,9.54,TB,2024-01-30,,
cest-2.1,4mMOA,30pct,6.2,TB,2024-01-30,,
cest-2.1,4mMOA,30pct,5.36,TB,2024-01-30,,
cest-2.1,4mMOA,30pct,11.02,TB,2024-01-30,,
cest-2.1,4mMOA,30pct,2.78,TB,2024-01-30,,
cest-2.1,4mMOA,30pct,9.22,TB,2024-01-30,,
cest-2.1,4mMOA,30pct,3.76,TB,2024-01-30,6.308333333,1
tbh-1,4mMOA,30pct,7.48,TB,2024-01-30,,
tbh-1,4mMOA,30pct,11.7,TB,2024-01-30,,
tbh-1,4mMOA,30pct,9.55,TB,2024-01-30,,
tbh-1,4mMOA,30pct,2.17,TB,2024-01-30,,
tbh-1,4mMOA,30pct,8.23,TB,2024-01-30,,
tbh-1,4mMOA,30pct,8.07,TB,2024-01-30,,
tbh-1,4mMOA,30pct,4.79,TB,2024-01-30,,
tbh-1,4mMOA,30pct,7.81,TB,2024-01-30,,
tbh-1,4mMOA,30pct,12.81,TB,2024-01-30,,
tbh-1,4mMOA,30pct,4.96,TB,2024-01-30,,
tbh-1,4mMOA,30pct,12.03,TB,2024-01-30,,
tbh-1,4mMOA,30pct,1.92,TB,2024-01-30,,
tbh-1,4mMOA,30pct,8.47,TB,2024-01-30,,
tbh-1,4mMOA,30pct,5.09,TB,2024-01-30,,
tbh-1,4mMOA,30pct,1.84,TB,2024-01-30,,
tbh-1,4mMOA,30pct,8.37,TB,2024-01-30,7.205625,0
N2,4mMOA,30pct,6.93,TB,2023-11-10,,
N2,4mMOA,30pct,12.53,TB,2023-11-10,,
N2,4mMOA,30pct,15.96,TB,2023-11-10,,
N2,4mMOA,30pct,16.48,TB,2023-11-10,,
N2,4mMOA,30pct,11.61,TB,2023-11-10,,
N2,4mMOA,30pct,3.26,TB,2023-11-10,,
N2,4mMOA,30pct,4.96,TB,2023-11-10,,
N2,4mMOA,30pct,3.68,TB,2023-11-10,,
N2,4mMOA,30pct,11.86,TB,2023-11-10,,
N2,4mMOA,30pct,5.18,TB,2023-11-10,,
N2,4mMOA,30pct,5.8,TB,2023-11-10,,
N2,4mMOA,30pct,9.71,TB,2023-11-10,,
N2,4mMOA,30pct,2.51,TB,2023-11-10,,
N2,4mMOA,30pct,15.47,TB,2023-11-10,,
N2,4mMOA,30pct,15.96,TB,2023-11-10,,
N2,4mMOA,30pct,16.48,TB,2023-11-10,,
N2,4mMOA,30pct,11.61,TB,2023-11-10,,
N2,4mMOA,30pct,4.5,TB,2023-11-10,,
N2,4mMOA,30pct,9.6,TB,2023-11-10,,
N2,4mMOA,30pct,5.18,TB,2023-11-10,,
N2,4mMOA,30pct,10.36,TB,2023-11-10,,
N2,4mMOA,30pct,9.71,TB,2023-11-10,,
N2,4mMOA,30pct,2.51,TB,2023-11-10,9.210869565,4
tbh-1,4mMOA,30pct,10.58,TB,2023-11-10,,
tbh-1,4mMOA,30pct,15.25,TB,2023-11-10,,
tbh-1,4mMOA,30pct,12.67,TB,2023-11-10,,
tbh-1,4mMOA,30pct,9.19,TB,2023-11-10,,
tbh-1,4mMOA,30pct,2.73,TB,2023-11-10,,
tbh-1,4mMOA,30pct,12.09,TB,2023-11-10,,
tbh-1,4mMOA,30pct,7.2,TB,2023-11-10,,
tbh-1,4mMOA,30pct,3.51,TB,2023-11-10,,
tbh-1,4mMOA,30pct,7.92,TB,2023-11-10,,
tbh-1,4mMOA,30pct,4.93,TB,2023-11-10,,
tbh-1,4mMOA,30pct,5.27,TB,2023-11-10,,
tbh-1,4mMOA,30pct,5.27,TB,2023-11-10,,
tbh-1,4mMOA,30pct,13.96,TB,2023-11-10,,
tbh-1,4mMOA,30pct,4.1,TB,2023-11-10,,
tbh-1,4mMOA,30pct,7.26,TB,2023-11-10,,
tbh-1,4mMOA,30pct,2.38,TB,2023-11-10,,
tbh-1,4mMOA,30pct,8.31,TB,2023-11-10,,
tbh-1,4mMOA,30pct,6.02,TB,2023-11-10,,
tbh-1,4mMOA,30pct,6.19,TB,2023-11-10,,
tbh-1,4mMOA,30pct,8.32,TB,2023-11-10,,
tbh-1,4mMOA,30pct,3.24,TB,2023-11-10,7.447142857,3
cest-2.1,4mMOA,30pct,6.29,TB,2023-11-10,,
cest-2.1,4mMOA,30pct,3.68,TB,2023-11-10,,
cest-2.1,4mMOA,30pct,9.31,TB,2023-11-10,,
cest-2.1,4mMOA,30pct,5.13,TB,2023-11-10,,
cest-2.1,4mMOA,30pct,4.18,TB,2023-11-10,,
cest-2.1,4mMOA,30pct,13.39,TB,2023-11-10,,
cest-2.1,4mMOA,30pct,8.5,TB,2023-11-10,,
cest-2.1,4mMOA,30pct,10.78,TB,2023-11-10,,
cest-2.1,4mMOA,30pct,14.14,TB,2023-11-10,,
cest-2.1,4mMOA,30pct,3.52,TB,2023-11-10,,
cest-2.1,4mMOA,30pct,5.24,TB,2023-11-10,,
cest-2.1,4mMOA,30pct,6.28,TB,2023-11-10,,
cest-2.1,4mMOA,30pct,6.83,TB,2023-11-10,,
cest-2.1,4mMOA,30pct,2.53,TB,2023-11-10,,
cest-2.1,4mMOA,30pct,4.18,TB,2023-11-10,,
cest-2.1,4mMOA,30pct,4.11,TB,2023-11-10,,
cest-2.1,4mMOA,30pct,11.82,TB,2023-11-10,,
cest-2.1,4mMOA,30pct,2.15,TB,2023-11-10,6.781111111,1
N2,4mMOA,30pct,18.56,TB,2023-11-13,,
N2,4mMOA,30pct,10.51,TB,2023-11-13,,
N2,4mMOA,30pct,11.83,TB,2023-11-13,,
N2,4mMOA,30pct,3.2,TB,2023-11-13,,
N2,4mMOA,30pct,14.73,TB,2023-11-13,,
N2,4mMOA,30pct,17.3,TB,2023-11-13,,
N2,4mMOA,30pct,14,TB,2023-11-13,,
N2,4mMOA,30pct,19.7,TB,2023-11-13,,
N2,4mMOA,30pct,5.22,TB,2023-11-13,,
N2,4mMOA,30pct,4.4,TB,2023-11-13,,
N2,4mMOA,30pct,16.1,TB,2023-11-13,,
N2,4mMOA,30pct,12.71,TB,2023-11-13,,
N2,4mMOA,30pct,3.5,TB,2023-11-13,,
N2,4mMOA,30pct,12.1,TB,2023-11-13,,
N2,4mMOA,30pct,2.4,TB,2023-11-13,,
N2,4mMOA,30pct,9.4,TB,2023-11-13,,
N2,4mMOA,30pct,9.37,TB,2023-11-13,,
N2,4mMOA,30pct,17.14,TB,2023-11-13,,
N2,4mMOA,30pct,5.37,TB,2023-11-13,,
N2,4mMOA,30pct,10.6,TB,2023-11-13,10.907,0
tbh-1,4mMOA,30pct,2.8,TB,2023-11-13,,
tbh-1,4mMOA,30pct,18.4,TB,2023-11-13,,
tbh-1,4mMOA,30pct,12.65,TB,2023-11-13,,
tbh-1,4mMOA,30pct,3.51,TB,2023-11-13,,
tbh-1,4mMOA,30pct,7.38,TB,2023-11-13,,
tbh-1,4mMOA,30pct,10.57,TB,2023-11-13,,
tbh-1,4mMOA,30pct,8.39,TB,2023-11-13,,
tbh-1,4mMOA,30pct,2.97,TB,2023-11-13,,
tbh-1,4mMOA,30pct,5.49,TB,2023-11-13,,
tbh-1,4mMOA,30pct,15.32,TB,2023-11-13,,
tbh-1,4mMOA,30pct,4.96,TB,2023-11-13,,
tbh-1,4mMOA,30pct,12.36,TB,2023-11-13,,
tbh-1,4mMOA,30pct,3.3,TB,2023-11-13,,
tbh-1,4mMOA,30pct,4.03,TB,2023-11-13,,
tbh-1,4mMOA,30pct,7.27,TB,2023-11-13,,
tbh-1,4mMOA,30pct,2.73,TB,2023-11-13,,
tbh-1,4mMOA,30pct,6.73,TB,2023-11-13,,
tbh-1,4mMOA,30pct,3.83,TB,2023-11-13,7.371666667,2
N2,control,30pct,4.53,TB,2024-03-02,,
N2,control,30pct,14.04,TB,2024-03-02,,
N2,control,30pct,10.51,TB,2024-03-02,,
N2,control,30pct,18.86,TB,2024-03-02,,
N2,control,30pct,12.92,TB,2024-03-02,,
N2,control,30pct,10.98,TB,2024-03-02,,
N2,control,30pct,9.92,TB,2024-03-02,,
N2,control,30pct,11.07,TB,2024-03-02,,
N2,control,30pct,7.51,TB,2024-03-02,,
N2,control,30pct,3.66,TB,2024-03-02,,
N2,control,30pct,17.93,TB,2024-03-02,,
N2,control,30pct,8.11,TB,2024-03-02,,
N2,control,30pct,2.13,TB,2024-03-02,,
N2,control,30pct,6.69,TB,2024-03-02,,
N2,control,30pct,19.89,TB,2024-03-02,,
N2,control,30pct,4.15,TB,2024-03-02,,
N2,control,30pct,12.19,TB,2024-03-02,,
N2,control,30pct,1.99,TB,2024-03-02,,
N2,control,30pct,5.55,TB,2024-03-02,,
N2,control,30pct,1.62,TB,2024-03-02,,
N2,control,30pct,4.69,TB,2024-03-02,8.997142857,3
cest-2.1,control,30pct,5.55,TB,2024-03-02,,
cest-2.1,control,30pct,8.9,TB,2024-03-02,,
cest-2.1,control,30pct,8.79,TB,2024-03-02,,
cest-2.1,control,30pct,4.01,TB,2024-03-02,,
cest-2.1,control,30pct,1.79,TB,2024-03-02,,
cest-2.1,control,30pct,11.15,TB,2024-03-02,,
cest-2.1,control,30pct,4.42,TB,2024-03-02,,
cest-2.1,control,30pct,3.68,TB,2024-03-02,,
cest-2.1,control,30pct,5.49,TB,2024-03-02,,
cest-2.1,control,30pct,2.68,TB,2024-03-02,,
cest-2.1,control,30pct,3.29,TB,2024-03-02,,
cest-2.1,control,30pct,2.39,TB,2024-03-02,,
cest-2.1,control,30pct,1.8,TB,2024-03-02,,
cest-2.1,control,30pct,5.17,TB,2024-03-02,,
cest-2.1,control,30pct,6.23,TB,2024-03-02,,
cest-2.1,control,30pct,5.29,TB,2024-03-02,,
cest-2.1,control,30pct,7.41,TB,2024-03-02,,
cest-2.1,control,30pct,10.31,TB,2024-03-02,,
cest-2.1,control,30pct,3.83,TB,2024-03-02,,
cest-2.1,control,30pct,5.67,TB,2024-03-02,,
cest-2.1,control,30pct,6.72,TB,2024-03-02,,
cest-2.1,control,30pct,1.78,TB,2024-03-02,,
cest-2.1,control,30pct,4.99,TB,2024-03-02,,
cest-2.1,control,30pct,4.54,TB,2024-03-02,5.245,1
tbh-1,control,30pct,3.51,TB,2024-03-02,,
tbh-1,control,30pct,8.24,TB,2024-03-02,,
tbh-1,control,30pct,3.29,TB,2024-03-02,,
tbh-1,control,30pct,3.58,TB,2024-03-02,,
tbh-1,control,30pct,5.08,TB,2024-03-02,,
tbh-1,control,30pct,5.02,TB,2024-03-02,,
tbh-1,control,30pct,8.58,TB,2024-03-02,,
tbh-1,control,30pct,7.06,TB,2024-03-02,,
tbh-1,control,30pct,3.36,TB,2024-03-02,,
tbh-1,control,30pct,4.48,TB,2024-03-02,,
tbh-1,control,30pct,3.82,TB,2024-03-02,,
tbh-1,control,30pct,3.58,TB,2024-03-02,,
tbh-1,control,30pct,5.93,TB,2024-03-02,,
tbh-1,control,30pct,2.93,TB,2024-03-02,,
tbh-1,control,30pct,5.32,TB,2024-03-02,,
tbh-1,control,30pct,8.63,TB,2024-03-02,,
tbh-1,control,30pct,6.48,TB,2024-03-02,,
tbh-1,control,30pct,6.63,TB,2024-03-02,,
tbh-1,control,30pct,8.05,TB,2024-03-02,5.451052632,2
tbh-1,4mMOA,30pct,1.79,TB,2024-03-02,,
tbh-1,4mMOA,30pct,2.19,TB,2024-03-02,,
tbh-1,4mMOA,30pct,10.03,TB,2024-03-02,,
tbh-1,4mMOA,30pct,6.54,TB,2024-03-02,,
tbh-1,4mMOA,30pct,19.25,TB,2024-03-02,,
tbh-1,4mMOA,30pct,8.89,TB,2024-03-02,,
tbh-1,4mMOA,30pct,3.13,TB,2024-03-02,,
tbh-1,4mMOA,30pct,15.34,TB,2024-03-02,,
tbh-1,4mMOA,30pct,7.87,TB,2024-03-02,,
tbh-1,4mMOA,30pct,10.5,TB,2024-03-02,,
tbh-1,4mMOA,30pct,4.96,TB,2024-03-02,,
tbh-1,4mMOA,30pct,1.39,TB,2024-03-02,,
tbh-1,4mMOA,30pct,15.04,TB,2024-03-02,,
tbh-1,4mMOA,30pct,12.61,TB,2024-03-02,,
tbh-1,4mMOA,30pct,1.27,TB,2024-03-02,,
tbh-1,4mMOA,30pct,6.44,TB,2024-03-02,,
tbh-1,4mMOA,30pct,12.19,TB,2024-03-02,8.201764706,2
cest-2.1,4mMOA,30pct,4.47,TB,2024-03-02,,
cest-2.1,4mMOA,30pct,13.58,TB,2024-03-02,,
cest-2.1,4mMOA,30pct,7.21,TB,2024-03-02,,
cest-2.1,4mMOA,30pct,3.65,TB,2024-03-02,,
cest-2.1,4mMOA,30pct,4.38,TB,2024-03-02,,
cest-2.1,4mMOA,30pct,11.26,TB,2024-03-02,,
cest-2.1,4mMOA,30pct,4.33,TB,2024-03-02,,
cest-2.1,4mMOA,30pct,8.77,TB,2024-03-02,,
cest-2.1,4mMOA,30pct,8.73,TB,2024-03-02,,
cest-2.1,4mMOA,30pct,8.51,TB,2024-03-02,,
cest-2.1,4mMOA,30pct,7.13,TB,2024-03-02,,
cest-2.1,4mMOA,30pct,7.46,TB,2024-03-02,,
cest-2.1,4mMOA,30pct,10.03,TB,2024-03-02,,
cest-2.1,4mMOA,30pct,10.31,TB,2024-03-02,,
cest-2.1,4mMOA,30pct,4.72,TB,2024-03-02,,
cest-2.1,4mMOA,30pct,6.3,TB,2024-03-02,,
cest-2.1,4mMOA,30pct,6.99,TB,2024-03-02,,
cest-2.1,4mMOA,30pct,7.84,TB,2024-03-02,,
cest-2.1,4mMOA,30pct,5.28,TB,2024-03-02,,
cest-2.1,4mMOA,30pct,7.14,TB,2024-03-02,,
cest-2.1,4mMOA,30pct,8.11,TB,2024-03-02,,
cest-2.1,4mMOA,30pct,8.33,TB,2024-03-02,7.478636364,2
N2,4mMOA,30pct,10.12,TB,2024-03-02,,
N2,4mMOA,30pct,13.08,TB,2024-03-02,,
N2,4mMOA,30pct,13.62,TB,2024-03-02,,
N2,4mMOA,30pct,6.16,TB,2024-03-02,,
N2,4mMOA,30pct,1.97,TB,2024-03-02,,
N2,4mMOA,30pct,9.14,TB,2024-03-02,,
N2,4mMOA,30pct,4.43,TB,2024-03-02,,
N2,4mMOA,30pct,17.13,TB,2024-03-02,,
N2,4mMOA,30pct,10.41,TB,2024-03-02,,
N2,4mMOA,30pct,9.09,TB,2024-03-02,,
N2,4mMOA,30pct,10.46,TB,2024-03-02,,
N2,4mMOA,30pct,12.07,TB,2024-03-02,,
N2,4mMOA,30pct,4.44,TB,2024-03-02,,
N2,4mMOA,30pct,6.71,TB,2024-03-02,,
N2,4mMOA,30pct,15.33,TB,2024-03-02,,
N2,4mMOA,30pct,9.03,TB,2024-03-02,,
N2,4mMOA,30pct,5.14,TB,2024-03-02,,
N2,4mMOA,30pct,11.51,TB,2024-03-02,,
N2,4mMOA,30pct,15.2,TB,2024-03-02,,
N2,4mMOA,30pct,11.7,TB,2024-03-02,,
N2,4mMOA,30pct,6.89,TB,2024-03-02,,
N2,4mMOA,30pct,15.09,TB,2024-03-02,9.941818182,3
cest-2.1,4mMTA,30pct,1.31,TB,2024-03-02,,
cest-2.1,4mMTA,30pct,4.78,TB,2024-03-02,,
cest-2.1,4mMTA,30pct,13.07,TB,2024-03-02,,
cest-2.1,4mMTA,30pct,9.34,TB,2024-03-02,,
cest-2.1,4mMTA,30pct,6.39,TB,2024-03-02,,
cest-2.1,4mMTA,30pct,6.95,TB,2024-03-02,,
cest-2.1,4mMTA,30pct,4.73,TB,2024-03-02,,
cest-2.1,4mMTA,30pct,1.14,TB,2024-03-02,,
cest-2.1,4mMTA,30pct,11.87,TB,2024-03-02,,
cest-2.1,4mMTA,30pct,7.93,TB,2024-03-02,,
cest-2.1,4mMTA,30pct,11.27,TB,2024-03-02,,
cest-2.1,4mMTA,30pct,3.63,TB,2024-03-02,,
cest-2.1,4mMTA,30pct,1.95,TB,2024-03-02,,
cest-2.1,4mMTA,30pct,8.79,TB,2024-03-02,,
cest-2.1,4mMTA,30pct,5.72,TB,2024-03-02,,
cest-2.1,4mMTA,30pct,4.12,TB,2024-03-02,6.436875,1
tbh-1,4mMTA,30pct,3.04,TB,2024-03-02,,
tbh-1,4mMTA,30pct,1.67,TB,2024-03-02,,
tbh-1,4mMTA,30pct,3,TB,2024-03-02,,
tbh-1,4mMTA,30pct,5.49,TB,2024-03-02,,
tbh-1,4mMTA,30pct,3.34,TB,2024-03-02,,
tbh-1,4mMTA,30pct,4.99,TB,2024-03-02,,
tbh-1,4mMTA,30pct,12.08,TB,2024-03-02,,
tbh-1,4mMTA,30pct,5.32,TB,2024-03-02,,
tbh-1,4mMTA,30pct,5.19,TB,2024-03-02,,
tbh-1,4mMTA,30pct,12.86,TB,2024-03-02,,
tbh-1,4mMTA,30pct,16.57,TB,2024-03-02,,
tbh-1,4mMTA,30pct,8.26,TB,2024-03-02,,
tbh-1,4mMTA,30pct,6.46,TB,2024-03-02,,
tbh-1,4mMTA,30pct,8.91,TB,2024-03-02,,
tbh-1,4mMTA,30pct,3.43,TB,2024-03-02,,
tbh-1,4mMTA,30pct,1.03,TB,2024-03-02,,
tbh-1,4mMTA,30pct,4.12,TB,2024-03-02,,
tbh-1,4mMTA,30pct,7.39,TB,2024-03-02,6.286111111,0
N2,4mMTA,30pct,9.35,TB,2024-03-02,,
N2,4mMTA,30pct,3.69,TB,2024-03-02,,
N2,4mMTA,30pct,5.56,TB,2024-03-02,,
N2,4mMTA,30pct,4.18,TB,2024-03-02,,
N2,4mMTA,30pct,3.87,TB,2024-03-02,,
N2,4mMTA,30pct,3.63,TB,2024-03-02,,
N2,4mMTA,30pct,2.37,TB,2024-03-02,,
N2,4mMTA,30pct,1.83,TB,2024-03-02,,
N2,4mMTA,30pct,6.49,TB,2024-03-02,,
N2,4mMTA,30pct,7.76,TB,2024-03-02,,
N2,4mMTA,30pct,1.93,TB,2024-03-02,,
N2,4mMTA,30pct,5.17,TB,2024-03-02,,
N2,4mMTA,30pct,1.17,TB,2024-03-02,,
N2,4mMTA,30pct,6.98,TB,2024-03-02,,
N2,4mMTA,30pct,6.62,TB,2024-03-02,,
N2,4mMTA,30pct,2.81,TB,2024-03-02,,
N2,4mMTA,30pct,5.94,TB,2024-03-02,,
N2,4mMTA,30pct,1.68,TB,2024-03-02,,
N2,4mMTA,30pct,4.65,TB,2024-03-02,,
N2,4mMTA,30pct,6.11,TB,2024-03-02,,
N2,4mMTA,30pct,5.21,TB,2024-03-02,,
N2,4mMTA,30pct,8.81,TB,2024-03-02,,
N2,4mMTA,30pct,3.15,TB,2024-03-02,4.737391304,2
N2,C40uM,30pct,1.29,TB,2024-03-02,,
N2,C40uM,30pct,2.97,TB,2024-03-02,,
N2,C40uM,30pct,9.36,TB,2024-03-02,,
N2,C40uM,30pct,1.94,TB,2024-03-02,,
N2,C40uM,30pct,9.3,TB,2024-03-02,,
N2,C40uM,30pct,4.6,TB,2024-03-02,,
N2,C40uM,30pct,3.71,TB,2024-03-02,,
N2,C40uM,30pct,14.55,TB,2024-03-02,,
N2,C40uM,30pct,11.25,TB,2024-03-02,,
N2,C40uM,30pct,5.4,TB,2024-03-02,,
N2,C40uM,30pct,9.36,TB,2024-03-02,,
N2,C40uM,30pct,11.09,TB,2024-03-02,,
N2,C40uM,30pct,8.04,TB,2024-03-02,,
N2,C40uM,30pct,2.86,TB,2024-03-02,,
N2,C40uM,30pct,14.02,TB,2024-03-02,,
N2,C40uM,30pct,8.69,TB,2024-03-02,,
N2,C40uM,30pct,6.37,TB,2024-03-02,,
N2,C40uM,30pct,7.41,TB,2024-03-02,,
N2,C40uM,30pct,13.95,TB,2024-03-02,,
N2,C40uM,30pct,2.71,TB,2024-03-02,,
N2,C40uM,30pct,14.81,TB,2024-03-02,,
N2,C40uM,30pct,11.55,TB,2024-03-02,,
N2,C40uM,30pct,12.86,TB,2024-03-02,,
N2,C40uM,30pct,8.01,TB,2024-03-02,,
N2,C40uM,30pct,7.27,TB,2024-03-02,8.1348,4
tbh-1,C40uM,30pct,2.38,TB,2024-03-02,,
tbh-1,C40uM,30pct,4.07,TB,2024-03-02,,
tbh-1,C40uM,30pct,1.73,TB,2024-03-02,,
tbh-1,C40uM,30pct,1.33,TB,2024-03-02,,
tbh-1,C40uM,30pct,3.87,TB,2024-03-02,,
tbh-1,C40uM,30pct,3.46,TB,2024-03-02,,
tbh-1,C40uM,30pct,6.1,TB,2024-03-02,,
tbh-1,C40uM,30pct,6.72,TB,2024-03-02,,
tbh-1,C40uM,30pct,8.39,TB,2024-03-02,,
tbh-1,C40uM,30pct,6.16,TB,2024-03-02,,
tbh-1,C40uM,30pct,7.01,TB,2024-03-02,,
tbh-1,C40uM,30pct,1.84,TB,2024-03-02,,
tbh-1,C40uM,30pct,1.96,TB,2024-03-02,,
tbh-1,C40uM,30pct,7.91,TB,2024-03-02,,
tbh-1,C40uM,30pct,13.53,TB,2024-03-02,,
tbh-1,C40uM,30pct,1.94,TB,2024-03-02,,
tbh-1,C40uM,30pct,4.69,TB,2024-03-02,4.887647059,1
cest-2.1,C40uM,30pct,3.99,TB,2024-03-02,,
cest-2.1,C40uM,30pct,4.07,TB,2024-03-02,,
cest-2.1,C40uM,30pct,1.52,TB,2024-03-02,,
cest-2.1,C40uM,30pct,1.33,TB,2024-03-02,,
cest-2.1,C40uM,30pct,3.87,TB,2024-03-02,,
cest-2.1,C40uM,30pct,7.43,TB,2024-03-02,,
cest-2.1,C40uM,30pct,2.21,TB,2024-03-02,,
cest-2.1,C40uM,30pct,6.72,TB,2024-03-02,,
cest-2.1,C40uM,30pct,3.98,TB,2024-03-02,,
cest-2.1,C40uM,30pct,6.16,TB,2024-03-02,,
cest-2.1,C40uM,30pct,7.01,TB,2024-03-02,,
cest-2.1,C40uM,30pct,5.13,TB,2024-03-02,,
cest-2.1,C40uM,30pct,6.19,TB,2024-03-02,,
cest-2.1,C40uM,30pct,1.76,TB,2024-03-02,,
cest-2.1,C40uM,30pct,3.09,TB,2024-03-02,,
cest-2.1,C40uM,30pct,1.94,TB,2024-03-02,,
cest-2.1,C40uM,30pct,8.46,TB,2024-03-02,4.403529412,2
cest-2.1,OA40uM,30pct,2.61,TB,2024-03-02,,
cest-2.1,OA40uM,30pct,1.19,TB,2024-03-02,,
cest-2.1,OA40uM,30pct,1.91,TB,2024-03-02,,
cest-2.1,OA40uM,30pct,3.21,TB,2024-03-02,,
cest-2.1,OA40uM,30pct,13.71,TB,2024-03-02,,
cest-2.1,OA40uM,30pct,10.38,TB,2024-03-02,,
cest-2.1,OA40uM,30pct,3.67,TB,2024-03-02,,
cest-2.1,OA40uM,30pct,2.15,TB,2024-03-02,,
cest-2.1,OA40uM,30pct,5.36,TB,2024-03-02,,
cest-2.1,OA40uM,30pct,11.87,TB,2024-03-02,,
cest-2.1,OA40uM,30pct,10.77,TB,2024-03-02,,
cest-2.1,OA40uM,30pct,8.03,TB,2024-03-02,,
cest-2.1,OA40uM,30pct,3.51,TB,2024-03-02,,
cest-2.1,OA40uM,30pct,11.58,TB,2024-03-02,,
cest-2.1,OA40uM,30pct,3.4,TB,2024-03-02,,
cest-2.1,OA40uM,30pct,18.57,TB,2024-03-02,,
cest-2.1,OA40uM,30pct,9.12,TB,2024-03-02,,
cest-2.1,OA40uM,30pct,5.95,TB,2024-03-02,,
cest-2.1,OA40uM,30pct,4.19,TB,2024-03-02,,
cest-2.1,OA40uM,30pct,9.75,TB,2024-03-02,,
cest-2.1,OA40uM,30pct,3.62,TB,2024-03-02,6.883333333,0
N2,OA40uM,30pct,3.86,TB,2024-03-02,,
N2,OA40uM,30pct,8.94,TB,2024-03-02,,
N2,OA40uM,30pct,15.72,TB,2024-03-02,,
N2,OA40uM,30pct,6.71,TB,2024-03-02,,
N2,OA40uM,30pct,4.21,TB,2024-03-02,,
N2,OA40uM,30pct,9.48,TB,2024-03-02,,
N2,OA40uM,30pct,14.99,TB,2024-03-02,,
N2,OA40uM,30pct,7.91,TB,2024-03-02,,
N2,OA40uM,30pct,2.12,TB,2024-03-02,,
N2,OA40uM,30pct,10.92,TB,2024-03-02,,
N2,OA40uM,30pct,4.13,TB,2024-03-02,,
N2,OA40uM,30pct,8.47,TB,2024-03-02,,
N2,OA40uM,30pct,11.91,TB,2024-03-02,,
N2,OA40uM,30pct,6.12,TB,2024-03-02,,
N2,OA40uM,30pct,6.42,TB,2024-03-02,,
N2,OA40uM,30pct,10.09,TB,2024-03-02,,
N2,OA40uM,30pct,1.95,TB,2024-03-02,,
N2,OA40uM,30pct,8.68,TB,2024-03-02,,
N2,OA40uM,30pct,5.14,TB,2024-03-02,,
N2,OA40uM,30pct,8.66,TB,2024-03-02,,
N2,OA40uM,30pct,9.08,TB,2024-03-02,,
N2,OA40uM,30pct,2.77,TB,2024-03-02,,
N2,OA40uM,30pct,8.14,TB,2024-03-02,7.670434783,3
tbh-1,OA40uM,30pct,11.95,TB,2024-03-02,,
tbh-1,OA40uM,30pct,1.04,TB,2024-03-02,,
tbh-1,OA40uM,30pct,11.65,TB,2024-03-02,,
tbh-1,OA40uM,30pct,4.79,TB,2024-03-02,,
tbh-1,OA40uM,30pct,1.15,TB,2024-03-02,,
tbh-1,OA40uM,30pct,7.71,TB,2024-03-02,,
tbh-1,OA40uM,30pct,2.78,TB,2024-03-02,,
tbh-1,OA40uM,30pct,13.61,TB,2024-03-02,,
tbh-1,OA40uM,30pct,9.9,TB,2024-03-02,,
tbh-1,OA40uM,30pct,5.34,TB,2024-03-02,,
tbh-1,OA40uM,30pct,19.42,TB,2024-03-02,,
tbh-1,OA40uM,30pct,2.64,TB,2024-03-02,,
tbh-1,OA40uM,30pct,5.96,TB,2024-03-02,,
tbh-1,OA40uM,30pct,10.76,TB,2024-03-02,,
tbh-1,OA40uM,30pct,6.54,TB,2024-03-02,,
tbh-1,OA40uM,30pct,6.27,TB,2024-03-02,,
tbh-1,OA40uM,30pct,4.37,TB,2024-03-02,,
tbh-1,OA40uM,30pct,7.5,TB,2024-03-02,7.41,1
tbh-1,control,30pct,8.47,TB,2024-03-11,,
tbh-1,control,30pct,4.02,TB,2024-03-11,,
tbh-1,control,30pct,10.02,TB,2024-03-11,,
tbh-1,control,30pct,4.12,TB,2024-03-11,,
tbh-1,control,30pct,3.5,TB,2024-03-11,,
tbh-1,control,30pct,1.61,TB,2024-03-11,,
tbh-1,control,30pct,6.86,TB,2024-03-11,,
tbh-1,control,30pct,3.72,TB,2024-03-11,,
tbh-1,control,30pct,1.51,TB,2024-03-11,,
tbh-1,control,30pct,5.81,TB,2024-03-11,,
tbh-1,control,30pct,2.99,TB,2024-03-11,,
tbh-1,control,30pct,6.5,TB,2024-03-11,,
tbh-1,control,30pct,2.91,TB,2024-03-11,,
tbh-1,control,30pct,8.17,TB,2024-03-11,,
tbh-1,control,30pct,13.36,TB,2024-03-11,,
tbh-1,control,30pct,0.56,TB,2024-03-11,,
tbh-1,control,30pct,1.56,TB,2024-03-11,,
tbh-1,control,30pct,4.57,TB,2024-03-11,,
tbh-1,control,30pct,1.73,TB,2024-03-11,,
tbh-1,control,30pct,2.89,TB,2024-03-11,,
tbh-1,control,30pct,14.32,TB,2024-03-11,5.2,1
tbh-1,OA40uMT,30pct,7.37,TB,2024-03-11,,
tbh-1,OA40uMT,30pct,2.35,TB,2024-03-11,,
tbh-1,OA40uMT,30pct,7.77,TB,2024-03-11,,
tbh-1,OA40uMT,30pct,6.31,TB,2024-03-11,,
tbh-1,OA40uMT,30pct,11.39,TB,2024-03-11,,
tbh-1,OA40uMT,30pct,15.52,TB,2024-03-11,,
tbh-1,OA40uMT,30pct,9.53,TB,2024-03-11,,
tbh-1,OA40uMT,30pct,11.87,TB,2024-03-11,,
tbh-1,OA40uMT,30pct,11.65,TB,2024-03-11,,
tbh-1,OA40uMT,30pct,7.61,TB,2024-03-11,,
tbh-1,OA40uMT,30pct,6.1,TB,2024-03-11,,
tbh-1,OA40uMT,30pct,1.77,TB,2024-03-11,,
tbh-1,OA40uMT,30pct,2.11,TB,2024-03-11,,
tbh-1,OA40uMT,30pct,16.55,TB,2024-03-11,,
tbh-1,OA40uMT,30pct,3.64,TB,2024-03-11,,
tbh-1,OA40uMT,30pct,1.14,TB,2024-03-11,,
tbh-1,OA40uMT,30pct,12.35,TB,2024-03-11,,
tbh-1,OA40uMT,30pct,3.57,TB,2024-03-11,,
tbh-1,OA40uMT,30pct,1.54,TB,2024-03-11,7.375789474,2
tbh-1,controlT,30pct,6.36,TB,2024-03-11,,
tbh-1,controlT,30pct,12.35,TB,2024-03-11,,
tbh-1,controlT,30pct,3.37,TB,2024-03-11,,
tbh-1,controlT,30pct,10.64,TB,2024-03-11,,
tbh-1,controlT,30pct,5.24,TB,2024-03-11,,
tbh-1,controlT,30pct,6.06,TB,2024-03-11,,
tbh-1,controlT,30pct,4.67,TB,2024-03-11,,
tbh-1,controlT,30pct,2.64,TB,2024-03-11,,
tbh-1,controlT,30pct,7.76,TB,2024-03-11,,
tbh-1,controlT,30pct,2.62,TB,2024-03-11,,
tbh-1,controlT,30pct,7.33,TB,2024-03-11,,
tbh-1,controlT,30pct,4.09,TB,2024-03-11,,
tbh-1,controlT,30pct,2.79,TB,2024-03-11,,
tbh-1,controlT,30pct,16.67,TB,2024-03-11,,
tbh-1,controlT,30pct,1.58,TB,2024-03-11,,
tbh-1,controlT,30pct,17.49,TB,2024-03-11,6.97875,1
tbh-1,400nM,30pct,6.23,TB,2024-03-11,,
tbh-1,400nM,30pct,6.3,TB,2024-03-11,,
tbh-1,400nM,30pct,8.03,TB,2024-03-11,,
tbh-1,400nM,30pct,1.79,TB,2024-03-11,,
tbh-1,400nM,30pct,6.27,TB,2024-03-11,,
tbh-1,400nM,30pct,3.67,TB,2024-03-11,,
tbh-1,400nM,30pct,4.87,TB,2024-03-11,,
tbh-1,400nM,30pct,1.77,TB,2024-03-11,,
tbh-1,400nM,30pct,7.46,TB,2024-03-11,,
tbh-1,400nM,30pct,6.03,TB,2024-03-11,,
tbh-1,400nM,30pct,4.32,TB,2024-03-11,,
tbh-1,400nM,30pct,1.08,TB,2024-03-11,,
tbh-1,400nM,30pct,17.51,TB,2024-03-11,,
tbh-1,400nM,30pct,4.77,TB,2024-03-11,,
tbh-1,400nM,30pct,2.63,TB,2024-03-11,,
tbh-1,400nM,30pct,1.42,TB,2024-03-11,,
tbh-1,400nM,30pct,15.03,TB,2024-03-11,,
tbh-1,400nM,30pct,3.13,TB,2024-03-11,,
tbh-1,400nM,30pct,3.61,TB,2024-03-11,5.574736842,2
tbh-1,OA40uM,30pct,8.72,TB,2024-03-11,,
tbh-1,OA40uM,30pct,16.79,TB,2024-03-11,,
tbh-1,OA40uM,30pct,2.59,TB,2024-03-11,,
tbh-1,OA40uM,30pct,5.31,TB,2024-03-11,,
tbh-1,OA40uM,30pct,2.72,TB,2024-03-11,,
tbh-1,OA40uM,30pct,3.37,TB,2024-03-11,,
tbh-1,OA40uM,30pct,19.14,TB,2024-03-11,,
tbh-1,OA40uM,30pct,4.84,TB,2024-03-11,,
tbh-1,OA40uM,30pct,10.77,TB,2024-03-11,,
tbh-1,OA40uM,30pct,4.55,TB,2024-03-11,,
tbh-1,OA40uM,30pct,3.11,TB,2024-03-11,,
tbh-1,OA40uM,30pct,7.16,TB,2024-03-11,,
tbh-1,OA40uM,30pct,1.24,TB,2024-03-11,,
tbh-1,OA40uM,30pct,3.15,TB,2024-03-11,,
tbh-1,OA40uM,30pct,1.46,TB,2024-03-11,,
tbh-1,OA40uM,30pct,11.29,TB,2024-03-11,,
tbh-1,OA40uM,30pct,1.62,TB,2024-03-11,,
tbh-1,OA40uM,30pct,17.51,TB,2024-03-11,,
tbh-1,OA40uM,30pct,11.18,TB,2024-03-11,,
tbh-1,OA40uM,30pct,6.49,TB,2024-03-11,,
tbh-1,OA40uM,30pct,4.06,TB,2024-03-11,,
tbh-1,OA40uM,30pct,2.68,TB,2024-03-11,,
tbh-1,OA40uM,30pct,12.22,TB,2024-03-11,7.042173913,1
tbh-1,400nMT,30pct,19.28,TB,2024-03-11,,
tbh-1,400nMT,30pct,5.12,TB,2024-03-11,,
tbh-1,400nMT,30pct,8.72,TB,2024-03-11,,
tbh-1,400nMT,30pct,10.53,TB,2024-03-11,,
tbh-1,400nMT,30pct,16.94,TB,2024-03-11,,
tbh-1,400nMT,30pct,14.39,TB,2024-03-11,,
tbh-1,400nMT,30pct,12.59,TB,2024-03-11,,
tbh-1,400nMT,30pct,2.01,TB,2024-03-11,,
tbh-1,400nMT,30pct,11.13,TB,2024-03-11,,
tbh-1,400nMT,30pct,9.01,TB,2024-03-11,,
tbh-1,400nMT,30pct,4.66,TB,2024-03-11,,
tbh-1,400nMT,30pct,14.38,TB,2024-03-11,,
tbh-1,400nMT,30pct,2.9,TB,2024-03-11,,
tbh-1,400nMT,30pct,13.07,TB,2024-03-11,,
tbh-1,400nMT,30pct,4.16,TB,2024-03-11,,
tbh-1,400nMT,30pct,7.04,TB,2024-03-11,,
tbh-1,400nMT,30pct,14.72,TB,2024-03-11,,
tbh-1,400nMT,30pct,18.61,TB,2024-03-11,10.51444444,4
tbh-1,control,30pct,6.5,TB,2024-03-14,,
tbh-1,control,30pct,2.7,TB,2024-03-14,,
tbh-1,control,30pct,1.13,TB,2024-03-14,,
tbh-1,control,30pct,5.68,TB,2024-03-14,,
tbh-1,control,30pct,3.54,TB,2024-03-14,,
tbh-1,control,30pct,1.24,TB,2024-03-14,,
tbh-1,control,30pct,5.97,TB,2024-03-14,,
tbh-1,control,30pct,8.24,TB,2024-03-14,,
tbh-1,control,30pct,3.18,TB,2024-03-14,,
tbh-1,control,30pct,14.72,TB,2024-03-14,,
tbh-1,control,30pct,2.3,TB,2024-03-14,,
tbh-1,control,30pct,5.08,TB,2024-03-14,,
tbh-1,control,30pct,2.39,TB,2024-03-14,,
tbh-1,control,30pct,2.73,TB,2024-03-14,,
tbh-1,control,30pct,6.87,TB,2024-03-14,,
tbh-1,control,30pct,4.81,TB,2024-03-14,,
tbh-1,control,30pct,2.97,TB,2024-03-14,,
tbh-1,control,30pct,16.49,TB,2024-03-14,5.363333333,1
tbh-1,controlBac,30pct,6.59,TB,2024-03-14,,
tbh-1,controlBac,30pct,2.8,TB,2024-03-14,,
tbh-1,controlBac,30pct,18.25,TB,2024-03-14,,
tbh-1,controlBac,30pct,2.77,TB,2024-03-14,,
tbh-1,controlBac,30pct,3,TB,2024-03-14,,
tbh-1,controlBac,30pct,5.77,TB,2024-03-14,,
tbh-1,controlBac,30pct,12.34,TB,2024-03-14,,
tbh-1,controlBac,30pct,4.23,TB,2024-03-14,,
tbh-1,controlBac,30pct,1.39,TB,2024-03-14,,
tbh-1,controlBac,30pct,7.99,TB,2024-03-14,,
tbh-1,controlBac,30pct,5.48,TB,2024-03-14,,
tbh-1,controlBac,30pct,3.18,TB,2024-03-14,,
tbh-1,controlBac,30pct,1.89,TB,2024-03-14,,
tbh-1,controlBac,30pct,5.47,TB,2024-03-14,,
tbh-1,controlBac,30pct,8.32,TB,2024-03-14,,
tbh-1,controlBac,30pct,4.36,TB,2024-03-14,,
tbh-1,controlBac,30pct,1.48,TB,2024-03-14,,
tbh-1,controlBac,30pct,3.37,TB,2024-03-14,5.482222222,2
tbh-1,OA40uM,30pct,3.39,TB,2024-03-14,,
tbh-1,OA40uM,30pct,8.13,TB,2024-03-14,,
tbh-1,OA40uM,30pct,15.63,TB,2024-03-14,,
tbh-1,OA40uM,30pct,3.54,TB,2024-03-14,,
tbh-1,OA40uM,30pct,11.24,TB,2024-03-14,,
tbh-1,OA40uM,30pct,5.97,TB,2024-03-14,,
tbh-1,OA40uM,30pct,8.24,TB,2024-03-14,,
tbh-1,OA40uM,30pct,3.18,TB,2024-03-14,,
tbh-1,OA40uM,30pct,14.72,TB,2024-03-14,,
tbh-1,OA40uM,30pct,2.3,TB,2024-03-14,,
tbh-1,OA40uM,30pct,5.08,TB,2024-03-14,,
tbh-1,OA40uM,30pct,2.39,TB,2024-03-14,,
tbh-1,OA40uM,30pct,2.73,TB,2024-03-14,,
tbh-1,OA40uM,30pct,6.87,TB,2024-03-14,,
tbh-1,OA40uM,30pct,4.81,TB,2024-03-14,,
tbh-1,OA40uM,30pct,2.97,TB,2024-03-14,,
tbh-1,OA40uM,30pct,16.49,TB,2024-03-14,6.922352941,3
tbh-1,OA40uMBac,30pct,10.82,TB,2024-03-14,,
tbh-1,OA40uMBac,30pct,1.97,TB,2024-03-14,,
tbh-1,OA40uMBac,30pct,8.2,TB,2024-03-14,,
tbh-1,OA40uMBac,30pct,1.38,TB,2024-03-14,,
tbh-1,OA40uMBac,30pct,8.19,TB,2024-03-14,,
tbh-1,OA40uMBac,30pct,4.21,TB,2024-03-14,,
tbh-1,OA40uMBac,30pct,1.82,TB,2024-03-14,,
tbh-1,OA40uMBac,30pct,1.22,TB,2024-03-14,,
tbh-1,OA40uMBac,30pct,9.24,TB,2024-03-14,,
tbh-1,OA40uMBac,30pct,8.38,TB,2024-03-14,,
tbh-1,OA40uMBac,30pct,15.73,TB,2024-03-14,,
tbh-1,OA40uMBac,30pct,14.84,TB,2024-03-14,,
tbh-1,OA40uMBac,30pct,1.67,TB,2024-03-14,,
tbh-1,OA40uMBac,30pct,16.93,TB,2024-03-14,,
tbh-1,OA400nM,30pct,8.98,TB,2024-03-14,,
tbh-1,OA400nM,30pct,1.27,TB,2024-03-14,,
tbh-1,OA400nM,30pct,12.38,TB,2024-03-14,7.471428571,1
tbh-1,OA400nM,30pct,5.86,TB,2024-03-14,,
tbh-1,OA400nM,30pct,3.26,TB,2024-03-14,,
tbh-1,OA400nM,30pct,5.7,TB,2024-03-14,,
tbh-1,OA400nM,30pct,14.08,TB,2024-03-14,,
tbh-1,OA400nM,30pct,1.21,TB,2024-03-14,,
tbh-1,OA400nM,30pct,2.42,TB,2024-03-14,,
tbh-1,OA400nM,30pct,3.85,TB,2024-03-14,,
tbh-1,OA400nM,30pct,9.96,TB,2024-03-14,,
tbh-1,OA400nM,30pct,7.03,TB,2024-03-14,,
tbh-1,OA400nM,30pct,8.25,TB,2024-03-14,,
tbh-1,OA400nM,30pct,2.89,TB,2024-03-14,,
tbh-1,OA400nM,30pct,12.48,TB,2024-03-14,,
tbh-1,OA400nM,30pct,1.72,TB,2024-03-14,,
tbh-1,OA400nM,30pct,5.08,TB,2024-03-14,6.26,2
tbh-1,OA400nMBac,30pct,9.89,TB,2024-03-14,,
tbh-1,OA400nMBac,30pct,5.3,TB,2024-03-14,,
tbh-1,OA400nMBac,30pct,5.85,TB,2024-03-14,,
tbh-1,OA400nMBac,30pct,3.46,TB,2024-03-14,,
tbh-1,OA400nMBac,30pct,7.31,TB,2024-03-14,,
tbh-1,OA400nMBac,30pct,2.65,TB,2024-03-14,,
tbh-1,OA400nMBac,30pct,9.57,TB,2024-03-14,,
tbh-1,OA400nMBac,30pct,3.97,TB,2024-03-14,,
tbh-1,OA400nMBac,30pct,4.22,TB,2024-03-14,,
tbh-1,OA400nMBac,30pct,7.84,TB,2024-03-14,,
tbh-1,OA400nMBac,30pct,2.32,TB,2024-03-14,,
tbh-1,OA400nMBac,30pct,1.38,TB,2024-03-14,,
tbh-1,OA400nMBac,30pct,2.78,TB,2024-03-14,,
tbh-1,OA400nMBac,30pct,13.58,TB,2024-03-14,,
tbh-1,OA400nMBac,30pct,14.99,TB,2024-03-14,,
tbh-1,OA400nMBac,30pct,1.28,TB,2024-03-14,,
tbh-1,OA400nMBac,30pct,6.75,TB,2024-03-14,,
tbh-1,OA400nMBac,30pct,19.59,TB,2024-03-14,,
tbh-1,OA400nMBac,30pct,3.23,TB,2024-03-14,6.629473684,1
N2,OA40uMBac,30pct,10.53,TB,2024-03-17,,
N2,OA40uMBac,30pct,16.1,TB,2024-03-17,,
N2,OA40uMBac,30pct,1.37,TB,2024-03-17,,
N2,OA40uMBac,30pct,8.39,TB,2024-03-17,,
N2,OA40uMBac,30pct,5.15,TB,2024-03-17,,
N2,OA40uMBac,30pct,10.81,TB,2024-03-17,,
N2,OA40uMBac,30pct,10.8,TB,2024-03-17,,
N2,OA40uMBac,30pct,11.8,TB,2024-03-17,,
N2,OA40uMBac,30pct,13.06,TB,2024-03-17,,
N2,OA40uMBac,30pct,7.98,TB,2024-03-17,,
N2,OA40uMBac,30pct,14.27,TB,2024-03-17,,
N2,OA40uMBac,30pct,9.08,TB,2024-03-17,,
N2,OA40uMBac,30pct,12.17,TB,2024-03-17,,
N2,OA40uMBac,30pct,1.18,TB,2024-03-17,,
N2,OA40uMBac,30pct,3.08,TB,2024-03-17,,
N2,OA40uMBac,30pct,3.49,TB,2024-03-17,,
N2,OA40uMBac,30pct,8.97,TB,2024-03-17,,
N2,OA40uMBac,30pct,5.54,TB,2024-03-17,,
N2,OA40uMBac,30pct,15.51,TB,2024-03-17,,
N2,OA40uMBac,30pct,11.36,TB,2024-03-17,,
N2,OA40uMBac,30pct,14.49,TB,2024-03-17,9.291904762,4
cest-2.1,OA40uMBac,30pct,1.29,TB,2024-03-17,,
cest-2.1,OA40uMBac,30pct,10.47,TB,2024-03-17,,
cest-2.1,OA40uMBac,30pct,4.97,TB,2024-03-17,,
cest-2.1,OA40uMBac,30pct,5.53,TB,2024-03-17,,
cest-2.1,OA40uMBac,30pct,4.17,TB,2024-03-17,,
cest-2.1,OA40uMBac,30pct,4.06,TB,2024-03-17,,
cest-2.1,OA40uMBac,30pct,5.98,TB,2024-03-17,,
cest-2.1,OA40uMBac,30pct,8.2,TB,2024-03-17,,
cest-2.1,OA40uMBac,30pct,2.41,TB,2024-03-17,,
cest-2.1,OA40uMBac,30pct,10.12,TB,2024-03-17,,
cest-2.1,OA40uMBac,30pct,9.15,TB,2024-03-17,,
cest-2.1,OA40uMBac,30pct,5.54,TB,2024-03-17,,
cest-2.1,OA40uMBac,30pct,3.98,TB,2024-03-17,,
cest-2.1,OA40uMBac,30pct,7.34,TB,2024-03-17,,
cest-2.1,OA40uMBac,30pct,6.18,TB,2024-03-17,,
cest-2.1,OA40uMBac,30pct,10.02,TB,2024-03-17,,
cest-2.1,OA40uMBac,30pct,6.31,TB,2024-03-17,,
cest-2.1,OA40uMBac,30pct,4.58,TB,2024-03-17,,
cest-2.1,OA40uMBac,30pct,8.39,TB,2024-03-17,6.246842105,3
cest-2.1,OA400nMBac,30pct,1.72,TB,2024-03-17,,
cest-2.1,OA400nMBac,30pct,8.99,TB,2024-03-17,,
cest-2.1,OA400nMBac,30pct,8.05,TB,2024-03-17,,
cest-2.1,OA400nMBac,30pct,6.64,TB,2024-03-17,,
cest-2.1,OA400nMBac,30pct,1.48,TB,2024-03-17,,
cest-2.1,OA400nMBac,30pct,0.94,TB,2024-03-17,,
cest-2.1,OA400nMBac,30pct,0.27,TB,2024-03-17,,
cest-2.1,OA400nMBac,30pct,5.35,TB,2024-03-17,,
cest-2.1,OA400nMBac,30pct,2.77,TB,2024-03-17,,
cest-2.1,OA400nMBac,30pct,2.49,TB,2024-03-17,,
cest-2.1,OA400nMBac,30pct,5.9,TB,2024-03-17,,
cest-2.1,OA400nMBac,30pct,1.06,TB,2024-03-17,,
cest-2.1,OA400nMBac,30pct,8.57,TB,2024-03-17,,
cest-2.1,OA400nMBac,30pct,3.95,TB,2024-03-17,,
cest-2.1,OA400nMBac,30pct,3.82,TB,2024-03-17,,
cest-2.1,OA400nMBac,30pct,2.52,TB,2024-03-17,,
cest-2.1,OA400nMBac,30pct,8.17,TB,2024-03-17,,
cest-2.1,OA400nMBac,30pct,3.31,TB,2024-03-17,4.369411765,1
N2,OA400nMBac,30pct,16.72,,2024-03-17,,
N2,OA400nMBac,30pct,15.14,,2024-03-17,,
N2,OA400nMBac,30pct,12.51,,2024-03-17,,
N2,OA400nMBac,30pct,9.54,,2024-03-17,,
N2,OA400nMBac,30pct,4.98,,2024-03-17,,
N2,OA400nMBac,30pct,8.97,,2024-03-17,,
N2,OA400nMBac,30pct,8.7,,2024-03-17,,
N2,OA400nMBac,30pct,7.79,,2024-03-17,,
N2,OA400nMBac,30pct,2.48,,2024-03-17,,
N2,OA400nMBac,30pct,4.27,,2024-03-17,,
N2,OA400nMBac,30pct,1.84,,2024-03-17,,
N2,OA400nMBac,30pct,12.4,,2024-03-17,,
N2,OA400nMBac,30pct,4.85,,2024-03-17,,
N2,OA400nMBac,30pct,9.12,,2024-03-17,,
N2,OA400nMBac,30pct,1.62,,2024-03-17,,
N2,OA400nMBac,30pct,10.59,,2024-03-17,8.22,3
cest-2.1,controlBac,30pct,8.7,,2024-03-17,,
cest-2.1,controlBac,30pct,1.67,,2024-03-17,,
cest-2.1,controlBac,30pct,3.07,,2024-03-17,,
cest-2.1,controlBac,30pct,12.19,,2024-03-17,,
cest-2.1,controlBac,30pct,6.8,,2024-03-17,,
cest-2.1,controlBac,30pct,5.52,,2024-03-17,,
cest-2.1,controlBac,30pct,5.58,,2024-03-17,,
cest-2.1,controlBac,30pct,2.23,,2024-03-17,,
cest-2.1,controlBac,30pct,5.83,,2024-03-17,,
cest-2.1,controlBac,30pct,1.2,,2024-03-17,,
cest-2.1,controlBac,30pct,6.37,,2024-03-17,,
cest-2.1,controlBac,30pct,11.89,,2024-03-17,,
cest-2.1,controlBac,30pct,1.49,,2024-03-17,,
cest-2.1,controlBac,30pct,4.36,,2024-03-17,,
cest-2.1,controlBac,30pct,4.63,,2024-03-17,,
cest-2.1,controlBac,30pct,8.87,,2024-03-17,,
cest-2.1,controlBac,30pct,6.27,,2024-03-17,,
cest-2.1,controlBac,30pct,1.36,,2024-03-17,5.446111111,2
N2,controlBac,30pct,7.46,,2024-03-17,,
N2,controlBac,30pct,16.51,,2024-03-17,,
N2,controlBac,30pct,8.23,,2024-03-17,,
N2,controlBac,30pct,10.36,,2024-03-17,,
N2,controlBac,30pct,3.22,,2024-03-17,,
N2,controlBac,30pct,7.21,,2024-03-17,,
N2,controlBac,30pct,7.01,,2024-03-17,,
N2,controlBac,30pct,15.03,,2024-03-17,,
N2,controlBac,30pct,1.94,,2024-03-17,,
N2,controlBac,30pct,1.62,,2024-03-17,,
N2,controlBac,30pct,17.68,,2024-03-17,,
N2,controlBac,30pct,8.64,,2024-03-17,,
N2,controlBac,30pct,4.49,,2024-03-17,,
N2,controlBac,30pct,9.7,,2024-03-17,,
N2,controlBac,30pct,1.12,,2024-03-17,,
N2,controlBac,30pct,10.25,,2024-03-17,,
N2,controlBac,30pct,7.41,,2024-03-17,,
N2,controlBac,30pct,8.35,,2024-03-17,,
N2,controlBac,30pct,6.16,,2024-03-17,,
N2,controlBac,30pct,8.26,,2024-03-17,,
N2,controlBac,30pct,9.38,,2024-03-17,,
N2,controlBac,30pct,4.16,,2024-03-17,7.917727273,2
cest-2.1,control,30pct,7.36,,2024-03-17,,
cest-2.1,control,30pct,3.53,,2024-03-17,,
cest-2.1,control,30pct,13.6,,2024-03-17,,
cest-2.1,control,30pct,5.86,,2024-03-17,,
cest-2.1,control,30pct,1.09,,2024-03-17,,
cest-2.1,control,30pct,7.5,,2024-03-17,,
cest-2.1,control,30pct,5.86,,2024-03-17,,
cest-2.1,control,30pct,1.36,,2024-03-17,,
cest-2.1,control,30pct,4.05,,2024-03-17,,
cest-2.1,control,30pct,4.14,,2024-03-17,,
cest-2.1,control,30pct,1.92,,2024-03-17,,
cest-2.1,control,30pct,14.13,,2024-03-17,,
cest-2.1,control,30pct,5.12,,2024-03-17,,
cest-2.1,control,30pct,2.13,,2024-03-17,,
cest-2.1,control,30pct,1.52,,2024-03-17,,
cest-2.1,control,30pct,9.72,,2024-03-17,,
cest-2.1,control,30pct,7.25,,2024-03-17,5.655294118,1
N2,control,30pct,5.11,,2024-03-17,,
N2,control,30pct,13.74,,2024-03-17,,
N2,control,30pct,9.37,,2024-03-17,,
N2,control,30pct,2.65,,2024-03-17,,
N2,control,30pct,4.61,,2024-03-17,,
N2,control,30pct,17.95,,2024-03-17,,
N2,control,30pct,9.65,,2024-03-17,,
N2,control,30pct,4.33,,2024-03-17,,
N2,control,30pct,10.16,,2024-03-17,,
N2,control,30pct,7.38,,2024-03-17,,
N2,control,30pct,19.01,,2024-03-17,,
N2,control,30pct,13.59,,2024-03-17,,
N2,control,30pct,4.54,,2024-03-17,,
N2,control,30pct,7.52,,2024-03-17,,
N2,control,30pct,6.23,,2024-03-17,9.056,1
cest-2.1,control,30pct,8.55,,2024-04-14,,
cest-2.1,control,30pct,3.28,,2024-04-14,,
cest-2.1,control,30pct,9.38,,2024-04-14,,
cest-2.1,control,30pct,1.17,,2024-04-14,,
cest-2.1,control,30pct,3.73,,2024-04-14,,
cest-2.1,control,30pct,9.71,,2024-04-14,,
cest-2.1,control,30pct,13.95,,2024-04-14,,
cest-2.1,control,30pct,1.43,,2024-04-14,,
cest-2.1,control,30pct,1.29,,2024-04-14,,
cest-2.1,control,30pct,3.94,,2024-04-14,,
cest-2.1,control,30pct,17.82,,2024-04-14,,
cest-2.1,control,30pct,1.86,,2024-04-14,,
cest-2.1,control,30pct,6.49,,2024-04-14,,
cest-2.1,control,30pct,3.19,,2024-04-14,,
cest-2.1,control,30pct,2.44,,2024-04-14,,
cest-2.1,control,30pct,1.64,,2024-04-14,,
cest-2.1,control,30pct,6.31,,2024-04-14,,
cest-2.1,control,30pct,2.14,,2024-04-14,,
cest-2.1,control,30pct,3.56,,2024-04-14,,
cest-2.1,control,30pct,1.85,,2024-04-14,5.1865,0
N2,control,30pct,1.45,,2024-04-14,,
N2,control,30pct,4.21,,2024-04-14,,
N2,control,30pct,12.72,,2024-04-14,,
N2,control,30pct,1.52,,2024-04-14,,
N2,control,30pct,1.7,,2024-04-14,,
N2,control,30pct,12.35,,2024-04-14,,
N2,control,30pct,5.54,,2024-04-14,,
N2,control,30pct,7.45,,2024-04-14,,
N2,control,30pct,4.13,,2024-04-14,,
N2,control,30pct,5.96,,2024-04-14,,
N2,control,30pct,12.64,,2024-04-14,,
N2,control,30pct,1.41,,2024-04-14,,
N2,control,30pct,19.53,,2024-04-14,,
N2,control,30pct,17.75,,2024-04-14,,
N2,control,30pct,2.36,,2024-04-14,,
N2,control,30pct,2.06,,2024-04-14,,
N2,control,30pct,9.95,,2024-04-14,,
N2,control,30pct,7.05,,2024-04-14,,
N2,control,30pct,5.7,,2024-04-14,,
N2,control,30pct,1.47,,2024-04-14,,
N2,control,30pct,10.72,,2024-04-14,,
N2,control,30pct,10.39,,2024-04-14,7.184545455,2
tbh-1,control,30pct,5.6,,2024-04-14,,
tbh-1,control,30pct,8.55,,2024-04-14,,
tbh-1,control,30pct,4.06,,2024-04-14,,
tbh-1,control,30pct,1.7,,2024-04-14,,
tbh-1,control,30pct,3.16,,2024-04-14,,
tbh-1,control,30pct,7.64,,2024-04-14,,
tbh-1,control,30pct,14.29,,2024-04-14,,
tbh-1,control,30pct,6.91,,2024-04-14,,
tbh-1,control,30pct,1.53,,2024-04-14,,
tbh-1,control,30pct,2.45,,2024-04-14,,
tbh-1,control,30pct,9.09,,2024-04-14,,
tbh-1,control,30pct,1.9,,2024-04-14,,
tbh-1,control,30pct,10.23,,2024-04-14,,
tbh-1,control,30pct,1.57,,2024-04-14,,
tbh-1,control,30pct,3.05,,2024-04-14,,
tbh-1,control,30pct,19.29,,2024-04-14,,
tbh-1,control,30pct,1.14,,2024-04-14,,
tbh-1,control,30pct,4.96,,2024-04-14,5.951111111,1
cest-2.1,40bac,30pct,1.14,,2024-04-14,,
cest-2.1,40bac,30pct,11.59,,2024-04-14,,
cest-2.1,40bac,30pct,3.44,,2024-04-14,,
cest-2.1,40bac,30pct,1.37,,2024-04-14,,
cest-2.1,40bac,30pct,7.57,,2024-04-14,,
cest-2.1,40bac,30pct,9.69,,2024-04-14,,
cest-2.1,40bac,30pct,4.52,,2024-04-14,,
cest-2.1,40bac,30pct,12.76,,2024-04-14,,
cest-2.1,40bac,30pct,4.31,,2024-04-14,,
cest-2.1,40bac,30pct,7.91,,2024-04-14,,
cest-2.1,40bac,30pct,3.17,,2024-04-14,,
cest-2.1,40bac,30pct,1.18,,2024-04-14,,
cest-2.1,40bac,30pct,2.62,,2024-04-14,,
cest-2.1,40bac,30pct,1.88,,2024-04-14,,
cest-2.1,40bac,30pct,2.26,,2024-04-14,,
cest-2.1,40bac,30pct,4.93,,2024-04-14,,
cest-2.1,40bac,30pct,2.38,,2024-04-14,,
cest-2.1,40bac,30pct,10.76,,2024-04-14,,
cest-2.1,40bac,30pct,4.13,,2024-04-14,,
cest-2.1,40bac,30pct,4.09,,2024-04-14,,
cest-2.1,40bac,30pct,17.74,,2024-04-14,,
cest-2.1,40bac,30pct,7.15,,2024-04-14,,
cest-2.1,40bac,30pct,2.99,,2024-04-14,5.633913043,1
N2,40bac,30pct,17.67,,2024-04-14,,
N2,40bac,30pct,11.35,,2024-04-14,,
N2,40bac,30pct,2.88,,2024-04-14,,
N2,40bac,30pct,8.53,,2024-04-14,,
N2,40bac,30pct,11.84,,2024-04-14,,
N2,40bac,30pct,4.49,,2024-04-14,,
N2,40bac,30pct,7.16,,2024-04-14,,
N2,40bac,30pct,11.42,,2024-04-14,,
N2,40bac,30pct,9.73,,2024-04-14,,
N2,40bac,30pct,2.42,,2024-04-14,,
N2,40bac,30pct,5.69,,2024-04-14,,
N2,40bac,30pct,8.77,,2024-04-14,,
N2,40bac,30pct,2.06,,2024-04-14,,
N2,40bac,30pct,2.32,,2024-04-14,,
N2,40bac,30pct,9.78,,2024-04-14,,
N2,40bac,30pct,16.88,,2024-04-14,,
N2,40bac,30pct,13.4,,2024-04-14,,
N2,40bac,30pct,14.96,,2024-04-14,8.963888889,3
tbh-1,40bac,30pct,2.02,,2024-04-14,,
tbh-1,40bac,30pct,11.87,,2024-04-14,,
tbh-1,40bac,30pct,4.61,,2024-04-14,,
tbh-1,40bac,30pct,13.8,,2024-04-14,,
tbh-1,40bac,30pct,12.74,,2024-04-14,,
tbh-1,40bac,30pct,10.64,,2024-04-14,,
tbh-1,40bac,30pct,3.19,,2024-04-14,,
tbh-1,40bac,30pct,11.24,,2024-04-14,,
tbh-1,40bac,30pct,1.07,,2024-04-14,,
tbh-1,40bac,30pct,9.01,,2024-04-14,,
tbh-1,40bac,30pct,8.26,,2024-04-14,,
tbh-1,40bac,30pct,12.48,,2024-04-14,,
tbh-1,40bac,30pct,10.58,,2024-04-14,,
tbh-1,40bac,30pct,11.28,,2024-04-14,,
tbh-1,40bac,30pct,2.51,,2024-04-14,,
tbh-1,40bac,30pct,9.49,,2024-04-14,,
tbh-1,40bac,30pct,1.18,,2024-04-14,,
tbh-1,40bac,30pct,5.03,,2024-04-14,,
tbh-1,40bac,30pct,6.87,,2024-04-14,,
tbh-1,40bac,30pct,9.63,,2024-04-14,,
tbh-1,40bac,30pct,1.73,,2024-04-14,,
tbh-1,40bac,30pct,1.09,,2024-04-14,,
tbh-1,40bac,30pct,6.21,,2024-04-14,,
tbh-1,40bac,30pct,4.6,,2024-04-14,7.130416667,1
tbh-1,400bac,30pct,12.58,,2024-04-14,,
tbh-1,400bac,30pct,3.53,,2024-04-14,,
tbh-1,400bac,30pct,4.16,,2024-04-14,,
tbh-1,400bac,30pct,3.75,,2024-04-14,,
tbh-1,400bac,30pct,7.18,,2024-04-14,,
tbh-1,400bac,30pct,3.93,,2024-04-14,,
tbh-1,400bac,30pct,4.4,,2024-04-14,,
tbh-1,400bac,30pct,2.89,,2024-04-14,,
tbh-1,400bac,30pct,10.15,,2024-04-14,,
tbh-1,400bac,30pct,9.97,,2024-04-14,,
tbh-1,400bac,30pct,11.46,,2024-04-14,,
tbh-1,400bac,30pct,5.84,,2024-04-14,,
tbh-1,400bac,30pct,7.9,,2024-04-14,,
tbh-1,400bac,30pct,2.41,,2024-04-14,,
tbh-1,400bac,30pct,2.54,,2024-04-14,,
tbh-1,400bac,30pct,2.17,,2024-04-14,,
tbh-1,400bac,30pct,12.4,,2024-04-14,6.309411765,0
N2,400bac,30pct,12.53,,2024-04-14,,
N2,400bac,30pct,1.74,,2024-04-14,,
N2,400bac,30pct,7.31,,2024-04-14,,
N2,400bac,30pct,13.79,,2024-04-14,,
N2,400bac,30pct,7.96,,2024-04-14,,
N2,400bac,30pct,5.15,,2024-04-14,,
N2,400bac,30pct,16.44,,2024-04-14,,
N2,400bac,30pct,2.95,,2024-04-14,,
N2,400bac,30pct,8.64,,2024-04-14,,
N2,400bac,30pct,9.97,,2024-04-14,,
N2,400bac,30pct,10.63,,2024-04-14,,
N2,400bac,30pct,2.48,,2024-04-14,,
N2,400bac,30pct,6.16,,2024-04-14,,
N2,400bac,30pct,1.81,,2024-04-14,,
N2,400bac,30pct,5.71,,2024-04-14,,
N2,400bac,30pct,9.55,,2024-04-14,,
N2,400bac,30pct,9.22,,2024-04-14,,
N2,400bac,30pct,5.76,,2024-04-14,,
N2,400bac,30pct,7.46,,2024-04-14,7.645263158,0
cest-2.1,400bac,30pct,14.15,,2024-04-14,,
cest-2.1,400bac,30pct,8.67,,2024-04-14,,
cest-2.1,400bac,30pct,10.88,,2024-04-14,,
cest-2.1,400bac,30pct,7.84,,2024-04-14,,
cest-2.1,400bac,30pct,1.59,,2024-04-14,,
cest-2.1,400bac,30pct,10.73,,2024-04-14,,
cest-2.1,400bac,30pct,2.87,,2024-04-14,,
cest-2.1,400bac,30pct,2.24,,2024-04-14,,
cest-2.1,400bac,30pct,1.21,,2024-04-14,,
cest-2.1,400bac,30pct,3.98,,2024-04-14,,
cest-2.1,400bac,30pct,1.52,,2024-04-14,,
cest-2.1,400bac,30pct,6.22,,2024-04-14,,
cest-2.1,400bac,30pct,1.19,,2024-04-14,,
cest-2.1,400bac,30pct,1.42,,2024-04-14,,
cest-2.1,400bac,30pct,8.25,,2024-04-14,,
cest-2.1,400bac,30pct,1.74,,2024-04-14,,
cest-2.1,400bac,30pct,2.45,,2024-04-14,,
cest-2.1,400bac,30pct,2.91,,2024-04-14,,
cest-2.1,400bac,30pct,13.09,,2024-04-14,,
cest-2.1,400bac,30pct,5.14,,2024-04-14,,
cest-2.1,400bac,30pct,3.48,,2024-04-14,5.312857143,2
N2,controlBac,30pct,6.45,TB,2024-04-20,,
N2,controlBac,30pct,3.21,TB,2024-04-20,,
N2,controlBac,30pct,8.14,TB,2024-04-20,,
N2,controlBac,30pct,6.68,TB,2024-04-20,,
N2,controlBac,30pct,9.83,TB,2024-04-20,,
N2,controlBac,30pct,2.47,TB,2024-04-20,,
N2,controlBac,30pct,10.5,TB,2024-04-20,,
N2,controlBac,30pct,13.09,TB,2024-04-20,,
N2,controlBac,30pct,18.97,TB,2024-04-20,,
N2,controlBac,30pct,3.14,TB,2024-04-20,,
N2,controlBac,30pct,2.95,TB,2024-04-20,,
N2,controlBac,30pct,3.58,TB,2024-04-20,,
N2,controlBac,30pct,4.27,TB,2024-04-20,,
N2,controlBac,30pct,7.8,TB,2024-04-20,,
N2,controlBac,30pct,7.35,TB,2024-04-20,,
N2,controlBac,30pct,3.36,TB,2024-04-20,,
N2,controlBac,30pct,11.89,TB,2024-04-20,,
N2,controlBac,30pct,14.07,TB,2024-04-20,,
N2,controlBac,30pct,12.81,TB,2024-04-20,,
N2,controlBac,30pct,4.12,TB,2024-04-20,7.734,1
N2,40bac,30pct,7.43,TB,2024-04-20,,
N2,40bac,30pct,3.81,TB,2024-04-20,,
N2,40bac,30pct,2.61,TB,2024-04-20,,
N2,40bac,30pct,12.78,TB,2024-04-20,,
N2,40bac,30pct,14.83,TB,2024-04-20,,
N2,40bac,30pct,6.38,TB,2024-04-20,,
N2,40bac,30pct,2.15,TB,2024-04-20,,
N2,40bac,30pct,16.72,TB,2024-04-20,,
N2,40bac,30pct,9.34,TB,2024-04-20,,
N2,40bac,30pct,6.28,TB,2024-04-20,,
N2,40bac,30pct,8.62,TB,2024-04-20,,
N2,40bac,30pct,14.91,TB,2024-04-20,,
N2,40bac,30pct,15.07,TB,2024-04-20,,
N2,40bac,30pct,6.4,TB,2024-04-20,,
N2,40bac,30pct,7.84,TB,2024-04-20,,
N2,40bac,30pct,4.03,TB,2024-04-20,,
N2,40bac,30pct,3.48,TB,2024-04-20,8.453125,0
tbh-1,controlBac,30pct,9.98,TB,2024-04-20,,
tbh-1,controlBac,30pct,2.8,TB,2024-04-20,,
tbh-1,controlBac,30pct,18.25,TB,2024-04-20,,
tbh-1,controlBac,30pct,5.68,TB,2024-04-20,,
tbh-1,controlBac,30pct,3.85,TB,2024-04-20,,
tbh-1,controlBac,30pct,1.63,TB,2024-04-20,,
tbh-1,controlBac,30pct,15.69,TB,2024-04-20,,
tbh-1,controlBac,30pct,2.03,TB,2024-04-20,,
tbh-1,controlBac,30pct,1.53,TB,2024-04-20,,
tbh-1,controlBac,30pct,2.61,TB,2024-04-20,,
tbh-1,controlBac,30pct,4.97,TB,2024-04-20,,11
tbh-1,controlBac,30pct,13.07,TB,2024-04-20,,
tbh-1,controlBac,30pct,4.23,TB,2024-04-20,,
tbh-1,controlBac,30pct,8.58,TB,2024-04-20,,
tbh-1,controlBac,30pct,7.31,TB,2024-04-20,,
tbh-1,controlBac,30pct,2.18,TB,2024-04-20,,
tbh-1,controlBac,30pct,1.96,TB,2024-04-20,,
tbh-1,controlBac,30pct,5.11,TB,2024-04-20,,
tbh-1,controlBac,30pct,2.73,TB,2024-04-20,,
tbh-1,controlBac,30pct,5.08,TB,2024-04-20,,
tbh-1,controlBac,30pct,4.67,TB,2024-04-20,5.901904762,1
tbh-1,40bac,30pct,18.75,TB,2024-04-20,,
tbh-1,40bac,30pct,3.61,TB,2024-04-20,,
tbh-1,40bac,30pct,3.85,TB,2024-04-20,,
tbh-1,40bac,30pct,4.29,TB,2024-04-20,,
tbh-1,40bac,30pct,1.48,TB,2024-04-20,,
tbh-1,40bac,30pct,3.18,TB,2024-04-20,,
tbh-1,40bac,30pct,11.08,TB,2024-04-20,,
tbh-1,40bac,30pct,12.54,TB,2024-04-20,,
tbh-1,40bac,30pct,2.73,TB,2024-04-20,,
tbh-1,40bac,30pct,6.93,TB,2024-04-20,,
tbh-1,40bac,30pct,14.8,TB,2024-04-20,,
tbh-1,40bac,30pct,5.33,TB,2024-04-20,,
tbh-1,40bac,30pct,8.39,TB,2024-04-20,,
tbh-1,40bac,30pct,6.49,TB,2024-04-20,,
tbh-1,40bac,30pct,7.15,TB,2024-04-20,,
tbh-1,40bac,30pct,1.27,TB,2024-04-20,,
tbh-1,40bac,30pct,3.18,TB,2024-04-20,,
tbh-1,40bac,30pct,2.65,TB,2024-04-20,,
tbh-1,40bac,30pct,6.78,TB,2024-04-20,,
tbh-1,40bac,30pct,15.26,TB,2024-04-20,6.987,2
cest-2.1,controlBac,30pct,1.83,TB,2024-04-20,,
cest-2.1,controlBac,30pct,12.87,TB,2024-04-20,,
cest-2.1,controlBac,30pct,3.61,TB,2024-04-20,,
cest-2.1,controlBac,30pct,1.98,TB,2024-04-20,,
cest-2.1,controlBac,30pct,3.71,TB,2024-04-20,,
cest-2.1,controlBac,30pct,16.09,TB,2024-04-20,,
cest-2.1,controlBac,30pct,3.85,TB,2024-04-20,,
cest-2.1,controlBac,30pct,1.21,TB,2024-04-20,,
cest-2.1,controlBac,30pct,3.62,TB,2024-04-20,,
cest-2.1,controlBac,30pct,4.89,TB,2024-04-20,,
cest-2.1,controlBac,30pct,7.68,TB,2024-04-20,,
cest-2.1,controlBac,30pct,8.24,TB,2024-04-20,,
cest-2.1,controlBac,30pct,9.05,TB,2024-04-20,,
cest-2.1,controlBac,30pct,1.38,TB,2024-04-20,,
cest-2.1,controlBac,30pct,3.99,TB,2024-04-20,,
cest-2.1,controlBac,30pct,1.48,TB,2024-04-20,,
cest-2.1,controlBac,30pct,3.2,TB,2024-04-20,,
cest-2.1,controlBac,30pct,4.32,TB,2024-04-20,,
cest-2.1,controlBac,30pct,3.46,TB,2024-04-20,,
cest-2.1,controlBac,30pct,11.59,TB,2024-04-20,5.4025,0
cest-2.1,40bac,30pct,4.91,TB,2024-04-20,,
cest-2.1,40bac,30pct,10.32,TB,2024-04-20,,
cest-2.1,40bac,30pct,13.15,TB,2024-04-20,,
cest-2.1,40bac,30pct,10.74,TB,2024-04-20,,
cest-2.1,40bac,30pct,2.8,TB,2024-04-20,,
cest-2.1,40bac,30pct,4.37,TB,2024-04-20,,
cest-2.1,40bac,30pct,2.76,TB,2024-04-20,,
cest-2.1,40bac,30pct,3,TB,2024-04-20,,
cest-2.1,40bac,30pct,9.28,TB,2024-04-20,,
cest-2.1,40bac,30pct,14.25,TB,2024-04-20,,
cest-2.1,40bac,30pct,8.41,TB,2024-04-20,,
cest-2.1,40bac,30pct,6.25,TB,2024-04-20,,
cest-2.1,40bac,30pct,1.38,TB,2024-04-20,,
cest-2.1,40bac,30pct,5.62,TB,2024-04-20,,
cest-2.1,40bac,30pct,3.97,TB,2024-04-20,,
cest-2.1,40bac,30pct,3.46,TB,2024-04-20,,
cest-2.1,40bac,30pct,2.64,TB,2024-04-20,,
cest-2.1,40bac,30pct,1.92,TB,2024-04-20,,
cest-2.1,40bac,30pct,2.18,TB,2024-04-20,5.863684211,2