Genotype,Condition,Odor,Response.time,Experimenter,Date,,,
N2,control,30pct,2.1,MOD,2021-08-05,,,
N2,control,30pct,3.1,MOD,2021-08-05,,,
N2,control,30pct,3.5,MOD,2021-08-05,,,
N2,control,30pct,3.2,MOD,2021-08-05,,,
N2,control,30pct,3.2,MOD,2021-08-05,,,
N2,control,30pct,2.7,MOD,2021-08-05,,,
N2,control,30pct,7,MOD,2021-08-05,,,
N2,control,30pct,13,MOD,2021-08-05,,,
N2,control,30pct,6.7,MOD,2021-08-05,,,
N2,control,30pct,2.2,MOD,2021-08-05,,,
N2,control,30pct,2.4,MOD,2021-08-05,,,
N2,control,30pct,7.3,MOD,2021-08-05,,,
N2,control,30pct,4.4,MOD,2021-08-05,,,
N2,control,30pct,3.3,MOD,2021-08-05,,,
N2,control,30pct,7.7,MOD,2021-08-05,,,
N2,control,30pct,2.5,MOD,2021-08-05,,,
N2,control,30pct,1.5,MOD,2021-08-05,,,
N2,control,30pct,13.7,MOD,2021-08-05,,,
N2,control,30pct,6.2,MOD,2021-08-05,,,
N2,control,30pct,7.7,MOD,2021-08-05,,,
N2,control,30pct,5.5,MOD,2021-08-05,,,
N2,control,30pct,2,MOD,2021-08-05,,,
N2,control,30pct,4.4,MOD,2021-08-05,,,
N2,control,30pct,13.3,MOD,2021-08-05,,,
cest-2.1,control,30pct,1.6,MOD,2021-08-05,,,
cest-2.1,control,30pct,2.4,MOD,2021-08-05,,,
cest-2.1,control,30pct,1.5,MOD,2021-08-05,,,
cest-2.1,control,30pct,2,MOD,2021-08-05,,,
cest-2.1,control,30pct,2.3,MOD,2021-08-05,,,
cest-2.1,control,30pct,2.4,MOD,2021-08-05,,,
cest-2.1,control,30pct,12,MOD,2021-08-05,,,
cest-2.1,control,30pct,3.1,MOD,2021-08-05,,,
cest-2.1,control,30pct,5.8,MOD,2021-08-05,,,
cest-2.1,control,30pct,2.3,MOD,2021-08-05,,,
cest-2.1,control,30pct,1.9,MOD,2021-08-05,,,
cest-2.1,control,30pct,1.9,MOD,2021-08-05,,,
cest-2.1,control,30pct,1.8,MOD,2021-08-05,,,
cest-2.1,control,30pct,1.7,MOD,2021-08-05,,,
cest-2.1,control,30pct,4.7,MOD,2021-08-05,,,
cest-2.1,control,30pct,3.9,MOD,2021-08-05,,,
cest-2.1,control,30pct,4.3,MOD,2021-08-05,,,
cest-2.1,control,30pct,4.7,MOD,2021-08-05,,,
cest-2.1,control,30pct,1.7,MOD,2021-08-05,,,
cest-2.1,control,30pct,7.9,MOD,2021-08-05,,,
cest-2.1,control,30pct,2.1,MOD,2021-08-05,,,
cest-2.1,control,30pct,1.6,MOD,2021-08-05,,,
cest-2.1,control,30pct,1.6,MOD,2021-08-05,,,
cest-2.1,control,30pct,1.3,MOD,2021-08-05,,,
cest-2.1,control,30pct,3.3,MOD,2021-08-05,,,
N2,control,30pct,9.52,TB,2021-08-10,,,
N2,control,30pct,8.62,TB,2021-08-10,,,
N2,control,30pct,7.24,TB,2021-08-10,,,
N2,control,30pct,3.54,TB,2021-08-10,,,
N2,control,30pct,4.21,TB,2021-08-10,,,
N2,control,30pct,3.86,TB,2021-08-10,,,
N2,control,30pct,5.84,TB,2021-08-10,,,
cest-2.1,control,30pct,5.34,TB,2021-08-10,,,
cest-2.1,control,30pct,4.24,TB,2021-08-10,,,
cest-2.1,control,30pct,5.13,TB,2021-08-10,,,
cest-2.1,control,30pct,5.76,TB,2021-08-10,,,
cest-2.1,control,30pct,4.15,TB,2021-08-10,,,
cest-2.1,control,30pct,3.24,TB,2021-08-10,,,
cest-2.1,control,30pct,5.85,TB,2021-08-10,,,
cest-2.1,control,30pct,3.46,TB,2021-08-10,,,
cest-2.1,control,30pct,3.53,TB,2021-08-10,,,
N2,control,30pct,1.99,JB,2021-08-10,,,
N2,control,30pct,2.58,JB,2021-08-10,,,
N2,control,30pct,5.41,JB,2021-08-10,,,
N2,control,30pct,4.64,JB,2021-08-10,,,
N2,control,30pct,2.63,JB,2021-08-10,,,
N2,control,30pct,6.8,JB,2021-08-10,,,
N2,control,30pct,2.52,JB,2021-08-10,,,
N2,control,30pct,3.68,JB,2021-08-10,,,
N2,control,30pct,1.78,JB,2021-08-10,,,
N2,control,30pct,2.03,JB,2021-08-10,,,
N2,control,30pct,5.06,JB,2021-08-10,,,
N2,control,30pct,6.68,JB,2021-08-10,,,
N2,control,30pct,8.19,JB,2021-08-10,,,
N2,control,30pct,3.3,JB,2021-08-10,,,
N2,control,30pct,4.76,JB,2021-08-10,,,
N2,control,30pct,4.83,JB,2021-08-10,,,
N2,control,30pct,3.77,JB,2021-08-10,,,
N2,control,30pct,2.66,JB,2021-08-10,,,
N2,control,30pct,3.79,JB,2021-08-10,,,
N2,control,30pct,8.47,JB,2021-08-10,,,
cest-2.1,control,30pct,7.34,JB,2021-08-10,,,
cest-2.1,control,30pct,1.99,JB,2021-08-10,,,
cest-2.1,control,30pct,3.17,JB,2021-08-10,,,
cest-2.1,control,30pct,3.01,JB,2021-08-10,,,
cest-2.1,control,30pct,3.79,JB,2021-08-10,,,
cest-2.1,control,30pct,3.17,JB,2021-08-10,,,
cest-2.1,control,30pct,3.34,JB,2021-08-10,,,
cest-2.1,control,30pct,6.68,JB,2021-08-10,,,
cest-2.1,control,30pct,5.29,JB,2021-08-10,,,
cest-2.1,control,30pct,1.61,JB,2021-08-10,,,
cest-2.1,control,30pct,4.42,JB,2021-08-10,,,
cest-2.1,control,30pct,9.12,JB,2021-08-10,,,
cest-2.1,control,30pct,1.21,JB,2021-08-10,,,
cest-2.1,control,30pct,2.35,JB,2021-08-10,,,
cest-2.1,control,30pct,3.49,JB,2021-08-10,,,
cest-2.1,control,30pct,1.73,JB,2021-08-10,,,
cest-2.1,control,30pct,3.3,JB,2021-08-10,,,
cest-2.1,control,30pct,2.89,JB,2021-08-10,,,
cest-2.1,control,30pct,4.86,JB,2021-08-10,,,
cest-2.1,control,30pct,2.46,JB,2021-08-10,,,
N2,control,30pct,2.4,TB,2021-08-27,,,
N2,control,30pct,1.5,TB,2021-08-27,,,
N2,control,30pct,1.31,TB,2021-08-27,,,
N2,control,30pct,4.15,TB,2021-08-27,,,
N2,control,30pct,3.39,TB,2021-08-27,,,
N2,control,30pct,2.97,TB,2021-08-27,,,
N2,control,30pct,2.42,TB,2021-08-27,,,
N2,control,30pct,3.72,TB,2021-08-27,,,
N2,control,30pct,4.16,TB,2021-08-27,,,
N2,control,30pct,1.8,MOD,2021-08-27,,,
N2,control,30pct,3.8,MOD,2021-08-27,,,
N2,control,30pct,1.4,MOD,2021-08-27,,,
N2,control,30pct,1.8,MOD,2021-08-27,,,
N2,control,30pct,1.3,MOD,2021-08-27,,,
N2,control,30pct,3.04,MOD,2021-08-27,,,
N2,control,30pct,1.9,MOD,2021-08-27,,,
N2,control,30pct,1.1,MOD,2021-08-27,,,
N2,control,30pct,1.6,MOD,2021-08-27,,,
N2,control,30pct,1.4,MOD,2021-08-27,,,
N2,control,30pct,2.2,MOD,2021-08-27,,,
cest-2.1,control,30pct,2.5,TB,2021-08-27,,,
cest-2.1,control,30pct,6.24,TB,2021-08-27,,,
cest-2.1,control,30pct,5.58,TB,2021-08-27,,,
cest-2.1,control,30pct,1.93,TB,2021-08-27,,,
cest-2.1,control,30pct,2.58,TB,2021-08-27,,,
cest-2.1,control,30pct,4.15,TB,2021-08-27,,,
cest-2.1,control,30pct,2.92,TB,2021-08-27,,,
cest-2.1,control,30pct,6.98,TB,2021-08-27,,,
cest-2.1,control,30pct,1.23,TB,2021-08-27,,,
cest-2.1,control,30pct,2.56,TB,2021-08-27,,,
cest-2.1,control,30pct,3.9,MOD,2021-08-27,,,
cest-2.1,control,30pct,1.2,MOD,2021-08-27,,,
cest-2.1,control,30pct,1.9,MOD,2021-08-27,,,
cest-2.1,control,30pct,9.6,MOD,2021-08-27,,,
cest-2.1,control,30pct,1.4,MOD,2021-08-27,,,
cest-2.1,control,30pct,1.8,MOD,2021-08-27,,,
cest-2.1,control,30pct,2.5,MOD,2021-08-27,,,
cest-2.1,control,30pct,4.3,MOD,2021-08-27,,,
cest-2.1,control,30pct,1.8,MOD,2021-08-27,,,
cest-2.1,control,30pct,1.1,MOD,2021-08-27,,,
N2,control,30pct,1.17,TB,2021-08-27,,,
N2,control,30pct,3.14,TB,2021-08-27,,,
N2,control,30pct,4.07,TB,2021-08-27,,,
N2,control,30pct,3.21,TB,2021-08-27,,,
N2,control,30pct,2.33,TB,2021-08-27,,,
N2,control,30pct,1.25,TB,2021-08-27,,,
N2,control,30pct,1.79,TB,2021-08-27,,,
N2,control,30pct,2.98,TB,2021-08-27,,,
cest-2.1,control,30pct,2.6,MOD,2021-08-27,,,
cest-2.1,control,30pct,3.8,MOD,2021-08-27,,,
cest-2.1,control,30pct,1.5,MOD,2021-08-27,,,
cest-2.1,control,30pct,1.3,MOD,2021-08-27,,,
cest-2.1,control,30pct,2.9,MOD,2021-08-27,,,
cest-2.1,control,30pct,1.5,MOD,2021-08-27,,,
cest-2.1,control,30pct,2.3,MOD,2021-08-27,,,
cest-2.1,control,30pct,1.8,MOD,2021-08-27,,,
cest-2.1,control,30pct,3.6,MOD,2021-08-27,,,
cest-2.1,control,30pct,1.3,MOD,2021-08-27,,,
cest-2.1,control,30pct,8.6,TB,2021-08-31,,,
cest-2.1,control,30pct,4.17,TB,2021-08-31,,,
cest-2.1,control,30pct,5.22,TB,2021-08-31,,,
cest-2.1,control,30pct,7.1,TB,2021-08-31,,,
cest-2.1,control,30pct,2.41,TB,2021-08-31,,,
cest-2.1,control,30pct,3.41,TB,2021-08-31,,,
cest-2.1,control,30pct,6.32,TB,2021-08-31,,,
cest-2.1,control,30pct,2.25,TB,2021-08-31,,,
cest-2.1,control,30pct,3.05,TB,2021-08-31,,,
cest-2.1,control,30pct,4.37,TB,2021-08-31,,,
cest-2.1,control,30pct,1.31,TB,2021-08-31,,,
cest-2.1,control,30pct,2.38,TB,2021-08-31,,,
cest-2.1,control,30pct,2.75,TB,2021-08-31,,,
cest-2.1,control,30pct,3.19,TB,2021-08-31,,,
cest-2.1,control,30pct,4.48,TB,2021-08-31,,,
N2,control,30pct,9.52,TB,2021-08-31,,,
N2,control,30pct,2.75,TB,2021-08-31,,,
N2,control,30pct,2.16,TB,2021-08-31,,,
N2,control,30pct,2.78,TB,2021-08-31,,,
N2,control,30pct,5.96,TB,2021-08-31,,,
N2,control,30pct,3.71,TB,2021-08-31,,,
N2,control,30pct,2.93,TB,2021-08-31,,,
N2,control,30pct,5.46,TB,2021-08-31,,,
N2,control,30pct,3.09,TB,2021-08-31,,,
N2,control,30pct,4.86,TB,2021-08-31,,,
N2,control,30pct,3.25,TB,2021-08-31,,,
N2,control,30pct,5.24,TB,2021-08-31,,,
N2,control,30pct,1.07,TB,2021-08-31,,,
N2,control,30pct,4.16,TB,2021-08-31,,,
N2,control,30pct,7.58,TB,2021-08-31,,,
N2,control,30pct,3.1,TB,2021-08-31,,,
N2,control,30pct,4.29,TB,2021-08-31,,,
N2,control,30pct,5.2,MOD,2021-08-31,,,
N2,control,30pct,1.5,MOD,2021-08-31,,,
N2,control,30pct,3.1,MOD,2021-08-31,,,
N2,control,30pct,8.8,MOD,2021-08-31,,,
N2,control,30pct,3.4,MOD,2021-08-31,,,
N2,control,30pct,11.2,MOD,2021-08-31,,,
N2,control,30pct,2.6,MOD,2021-08-31,,,
N2,control,30pct,1.2,MOD,2021-08-31,,,
N2,control,30pct,10.9,MOD,2021-08-31,,,
N2,control,30pct,1.7,MOD,2021-08-31,,,
cest-2.1,control,30pct,1.7,MOD,2021-08-31,,,
cest-2.1,control,30pct,1.1,MOD,2021-08-31,,,
cest-2.1,control,30pct,0.9,MOD,2021-08-31,,,
cest-2.1,control,30pct,13.6,MOD,2021-08-31,,,
cest-2.1,control,30pct,1.6,MOD,2021-08-31,,,
cest-2.1,control,30pct,8.7,MOD,2021-08-31,,,
cest-2.1,control,30pct,6.6,MOD,2021-08-31,,,
cest-2.1,control,30pct,1.4,MOD,2021-08-31,,,
cest-2.1,control,30pct,1.9,MOD,2021-08-31,,,
cest-2.1,control,30pct,7.2,MOD,2021-08-31,,,
N2,control,30pct,7.26,TB,2021-09-07,,,
N2,control,30pct,8.83,TB,2021-09-07,,,
N2,control,30pct,4.27,TB,2021-09-07,,,
N2,control,30pct,4.98,TB,2021-09-07,,,
N2,control,30pct,2.43,TB,2021-09-07,,,
N2,control,30pct,4.56,TB,2021-09-07,,,
N2,control,30pct,2.51,TB,2021-09-07,,,
N2,control,30pct,4.15,TB,2021-09-07,,,
N2,control,30pct,7.41,TB,2021-09-07,,,
N2,control,30pct,5.49,TB,2021-09-07,,,
N2,control,30pct,4.15,TB,2021-09-07,,,
N2,control,30pct,5.88,TB,2021-09-07,,,
N2,control,30pct,5.48,TB,2021-09-07,,,
N2,control,30pct,3.98,TB,2021-09-07,,,
cest-2.1,control,30pct,3.19,TB,2021-09-07,,,
cest-2.1,control,30pct,8.75,TB,2021-09-07,,,
cest-2.1,control,30pct,3.31,TB,2021-09-07,,,
cest-2.1,control,30pct,1.09,TB,2021-09-07,,,
cest-2.1,control,30pct,2.4,TB,2021-09-07,,,
cest-2.1,control,30pct,1.99,TB,2021-09-07,,,
cest-2.1,control,30pct,5.41,TB,2021-09-07,,,
cest-2.1,control,30pct,6.78,TB,2021-09-07,,,
cest-2.1,control,30pct,4.78,TB,2021-09-07,,,
cest-2.1,control,30pct,2.19,TB,2021-09-07,,,
cest-2.1,control,30pct,3.49,TB,2021-09-07,,,
cest-2.1,control,30pct,2.93,TB,2021-09-07,,,
cest-2.1,control,30pct,6.28,TB,2021-09-07,,,
cest-2.1,control,30pct,5.35,TB,2021-09-07,,,
cest-2.1,control,30pct,4.63,TB,2021-09-07,,,
cest-2.1,control,30pct,2.44,TB,2021-09-07,,,
N2,control,30pct,7,MOD,2021-09-07,,,
N2,control,30pct,3,MOD,2021-09-07,,,
N2,control,30pct,3.01,MOD,2021-09-07,,,
N2,control,30pct,2.8,MOD,2021-09-07,,,
N2,control,30pct,8.6,MOD,2021-09-07,,,
N2,control,30pct,2.9,MOD,2021-09-07,,,
N2,control,30pct,5.6,MOD,2021-09-07,,,
N2,control,30pct,4.3,MOD,2021-09-07,,,
N2,control,30pct,5.6,MOD,2021-09-07,,,
N2,control,30pct,5.1,MOD,2021-09-07,,,
N2,control,30pct,1.2,MOD,2021-09-07,,,
N2,control,30pct,3.1,MOD,2021-09-07,,,
N2,control,30pct,12.9,MOD,2021-09-07,,,
cest-2.1,control,30pct,13.6,MOD,2021-09-07,,,
cest-2.1,control,30pct,2.01,MOD,2021-09-07,,,
cest-2.1,control,30pct,3.6,MOD,2021-09-07,,,
cest-2.1,control,30pct,13.4,MOD,2021-09-07,,,
cest-2.1,control,30pct,7.2,MOD,2021-09-07,,,
cest-2.1,control,30pct,3.02,MOD,2021-09-07,,,
cest-2.1,control,30pct,9.1,MOD,2021-09-07,,,
cest-2.1,control,30pct,3,MOD,2021-09-07,,,
cest-2.1,control,30pct,4.8,MOD,2021-09-07,,,
cest-2.1,control,30pct,7.3,MOD,2021-09-07,,,
cest-2.1,control,30pct,18.3,MOD,2021-09-07,,,
cest-2.1,control,30pct,1.5,MOD,2021-09-07,,,
N2,control,30pct,2.76,TB,2021-09-29,,,
N2,control,30pct,7.93,TB,2021-09-29,,,
N2,control,30pct,6.47,TB,2021-09-29,,,
N2,control,30pct,3.71,TB,2021-09-29,,,
N2,control,30pct,3.23,TB,2021-09-29,,,
N2,control,30pct,5.73,TB,2021-09-29,,,
N2,control,30pct,3.94,TB,2021-09-29,,,
N2,control,30pct,4.47,TB,2021-09-29,,,
N2,control,30pct,6.68,TB,2021-09-29,,,
N2,control,30pct,9.25,TB,2021-09-29,,,
N2,control,30pct,5.6,TB,2021-09-29,,,
N2,control,30pct,6.37,TB,2021-09-29,,,
N2,control,30pct,2.15,TB,2021-09-29,,,
N2,control,30pct,7.39,TB,2021-09-29,,,
N2,control,30pct,6.13,TB,2021-09-29,,,
N2,control,30pct,6.04,TB,2021-09-29,,,
N2,control,30pct,4.83,TB,2021-09-29,,,
N2,control,30pct,7.2,TB,2021-09-29,,,
N2,control,30pct,4.22,TB,2021-09-29,,,
N2,control,30pct,5.25,TB,2021-09-29,,,
N2,control,30pct,3.53,TB,2021-09-29,,,
N2,control,30pct,5.55,TB,2021-09-29,,,
cest-2.1,control,30pct,1.15,TB,2021-09-29,,,
cest-2.1,control,30pct,6.56,TB,2021-09-29,,,
cest-2.1,control,30pct,5.16,TB,2021-09-29,,,
cest-2.1,control,30pct,3.25,TB,2021-09-29,,,
cest-2.1,control,30pct,4.23,TB,2021-09-29,,,
cest-2.1,control,30pct,3.84,TB,2021-09-29,,,
cest-2.1,control,30pct,5.68,TB,2021-09-29,,,
cest-2.1,control,30pct,3.21,TB,2021-09-29,,,
cest-2.1,control,30pct,5.11,TB,2021-09-29,,,
cest-2.1,control,30pct,2.06,TB,2021-09-29,,,
cest-2.1,control,30pct,1.51,TB,2021-09-29,,,
cest-2.1,control,30pct,2.71,TB,2021-09-29,,,
cest-2.1,control,30pct,3.96,TB,2021-09-29,,,
cest-2.1,control,30pct,1.62,TB,2021-09-29,,,
cest-2.1,control,30pct,2.84,TB,2021-09-29,,,
cest-2.1,control,30pct,1.85,TB,2021-09-29,,,
cest-2.1,control,30pct,2.96,TB,2021-09-29,,,
cest-2.1,control,30pct,8.38,TB,2021-09-29,,,
cest-2.1,control,30pct,3.88,TB,2021-09-29,,,
cest-2.1,control,30pct,2.2,TB,2021-09-29,,,
cest-2.1,control,30pct,3.57,TB,2021-09-29,,,
cest-2.1,control,30pct,4.09,TB,2021-09-29,,,
cest-2.1,control,30pct,6.27,TB,2021-09-29,,,
cest-2.1,control,30pct,4.23,TB,2021-10-06,,,
cest-2.1,control,30pct,3.9,TB,2021-10-06,,,
cest-2.1,control,30pct,3.41,TB,2021-10-06,,,
cest-2.1,control,30pct,4.66,TB,2021-10-06,,,
cest-2.1,control,30pct,4.13,TB,2021-10-06,,,
cest-2.1,control,30pct,5.3,TB,2021-10-06,,,
cest-2.1,control,30pct,4.86,TB,2021-10-06,,,
cest-2.1,control,30pct,3.82,TB,2021-10-06,,,
cest-2.1,control,30pct,3.91,TB,2021-10-06,,,
cest-2.1,control,30pct,5.94,TB,2021-10-06,,,
cest-2.1,control,30pct,3.95,TB,2021-10-06,,,
cest-2.1,control,30pct,3.26,TB,2021-10-06,,,
cest-2.1,control,30pct,6.93,TB,2021-10-06,,,
cest-2.1,control,30pct,6.29,TB,2021-10-06,,,
cest-2.1,control,30pct,2.87,TB,2021-10-06,,,
cest-2.1,control,30pct,5.75,TB,2021-10-06,,,
cest-2.1,control,30pct,3.98,TB,2021-10-06,,,
cest-2.1,control,30pct,6.75,TB,2021-10-06,,,
cest-2.1,control,30pct,2.31,TB,2021-10-06,,,
cest-2.1,control,30pct,3.36,TB,2021-10-06,,,
cest-2.1,control,30pct,4.47,TB,2021-10-06,,,
cest-2.1,control,30pct,4.11,TB,2021-10-06,,,
cest-2.1,control,30pct,3.86,TB,2021-10-06,,,
cest-2.1,control,30pct,4.32,TB,2021-10-06,,,
cest-2.1,control,30pct,2.95,TB,2021-10-06,,,
cest-2.1,control,30pct,4.18,TB,2021-10-06,,,
cest-2.1,control,30pct,4.35,TB,2021-10-06,,,
cest-2.1,control,30pct,5.09,TB,2021-10-06,,,
cest-2.1,control,30pct,3.78,TB,2021-10-06,,,
cest-2.1,control,30pct,5.47,TB,2021-10-06,,,
cest-2.1,control,30pct,4.69,TB,2021-10-06,,,
cest-2.1,control,30pct,4.17,TB,2021-10-06,,,
N2,control,30pct,3.1,TB,2021-10-06,,,
N2,control,30pct,6.05,TB,2021-10-06,,,
N2,control,30pct,5.44,TB,2021-10-06,,,
N2,control,30pct,4.93,TB,2021-10-06,,,
N2,control,30pct,3.28,TB,2021-10-06,,,
N2,control,30pct,3.63,TB,2021-10-06,,,
N2,control,30pct,5.59,TB,2021-10-06,,,
N2,control,30pct,5.3,TB,2021-10-06,,,
N2,control,30pct,7.43,TB,2021-10-06,,,
N2,control,30pct,6.13,TB,2021-10-06,,,
N2,control,30pct,5.67,TB,2021-10-06,,,
N2,control,30pct,4.98,TB,2021-10-06,,,
N2,control,30pct,6.71,TB,2021-10-06,,,
N2,control,30pct,2.73,TB,2021-10-06,,,
N2,control,30pct,4.44,TB,2021-10-06,,,
N2,control,30pct,5.39,TB,2021-10-06,,,
N2,control,30pct,7.41,TB,2021-10-06,,,
N2,control,30pct,6.38,TB,2021-10-06,,,
N2,control,30pct,5.17,TB,2021-10-06,,,
N2,control,30pct,4.91,TB,2021-10-06,,,
N2,control,30pct,7.15,TB,2021-10-06,,,
N2,control,30pct,4.4,TB,2021-10-06,,,
N2,control,30pct,3.24,TB,2021-10-06,,,
N2,control,30pct,5.79,TB,2021-10-06,,,
N2,control,30pct,6.37,TB,2021-10-06,,,
N2,control,30pct,4.6,TB,2021-10-06,,,
N2,control,30pct,4.99,TB,2021-10-06,,,
N2,control,30pct,5.6,TB,2021-10-06,,,
N2,control,30pct,4.29,TB,2021-10-06,,,
N2,4mM TA,30pct,2.81,TB,2021-12-09,,,
N2,4mM TA,30pct,5.86,TB,2021-12-09,,,
N2,4mM TA,30pct,5.67,TB,2021-12-09,,,
N2,4mM TA,30pct,3.69,TB,2021-12-09,,,
N2,4mM TA,30pct,2.9,TB,2021-12-09,,,
N2,4mM TA,30pct,3.38,TB,2021-12-09,,,
N2,4mM TA,30pct,4.72,TB,2021-12-09,,,
N2,4mM TA,30pct,5.38,TB,2021-12-09,,,
N2,4mM TA,30pct,5.14,TB,2021-12-09,,,
N2,4mM TA,30pct,4.21,TB,2021-12-09,,,
N2,4mM TA,30pct,5.19,TB,2021-12-09,,,
cest-2.1,4mM TA,30pct,3.28,TB,2021-12-09,,,
cest-2.1,4mM TA,30pct,2.72,TB,2021-12-09,,,
cest-2.1,4mM TA,30pct,4.36,TB,2021-12-09,,,
cest-2.1,4mM TA,30pct,4.02,TB,2021-12-09,,,
cest-2.1,4mM TA,30pct,2.9,TB,2021-12-09,,,
cest-2.1,4mM TA,30pct,4.09,TB,2021-12-09,,,
cest-2.1,4mM TA,30pct,3.55,TB,2021-12-09,,,
cest-2.1,4mM TA,30pct,2.22,TB,2021-12-09,,,
cest-2.1,4mM TA,30pct,4.17,TB,2021-12-09,,,
cest-2.1,4mM TA,30pct,3.22,TB,2021-12-09,,,
cest-2.1,4mM TA,30pct,1.82,TB,2021-12-09,,,
cest-2.1,4mM TA,30pct,2.49,TB,2021-12-09,,,
cest-2.1,4mM TA,30pct,2.41,TB,2021-12-09,,,
cest-2.1,4mM TA,30pct,3.18,TB,2021-12-09,,,
N2,4mM TA,30pct,6.48,TB,2021-12-09,,,
N2,4mM TA,30pct,4.95,TB,2021-12-09,,,
N2,4mM TA,30pct,5.24,TB,2021-12-09,,,
N2,4mM TA,30pct,4.76,TB,2021-12-09,,,
N2,4mM TA,30pct,4.02,TB,2021-12-09,,,
N2,4mM TA,30pct,3.78,TB,2021-12-09,,,
N2,4mM TA,30pct,4.15,TB,2021-12-09,,,
N2,4mM TA,30pct,4.19,TB,2021-12-09,,,
N2,4mM TA,30pct,3.39,TB,2021-12-09,,,
cest-2.1,4mM TA,30pct,3.68,TB,2021-12-09,,,
cest-2.1,4mM TA,30pct,3.19,TB,2021-12-09,,,
cest-2.1,4mM TA,30pct,2.54,TB,2021-12-09,,,
cest-2.1,4mM TA,30pct,2.8,TB,2021-12-09,,,
cest-2.1,4mM TA,30pct,4.35,TB,2021-12-09,,,
cest-2.1,4mM TA,30pct,3.39,TB,2021-12-09,,,
cest-2.1,4mM TA,30pct,2.88,TB,2021-12-09,,,
cest-2.1,4mM TA,30pct,3.92,TB,2021-12-09,,,
cest-2.1,4mM TA,30pct,4.21,TB,2021-12-09,,,
cest-2.1,4mM TA,30pct,1.93,TB,2021-12-09,,,
cest-2.1,4mM TA,30pct,3.08,TB,2021-12-09,,,
cest-2.1,4mM TA,30pct,2.55,TB,2021-12-09,,,
N2,control,30pct,5.19,TB,2022-01-19,,,
N2,control,30pct,6.68,TB,2022-01-19,,,
N2,control,30pct,4.7,TB,2022-01-19,,,
N2,control,30pct,7.28,TB,2022-01-19,,,
N2,control,30pct,5.8,TB,2022-01-19,,,
N2,control,30pct,6.45,TB,2022-01-19,,,
N2,control,30pct,5.13,TB,2022-01-19,,,
N2,control,30pct,4.18,TB,2022-01-19,,,
N2,control,30pct,6.54,TB,2022-01-19,,,
N2,control,30pct,7.21,TB,2022-01-19,,,
N2,control,30pct,6.95,TB,2022-01-19,,,
N2,control,30pct,4.49,TB,2022-01-19,,,
N2,control,30pct,3.26,TB,2022-01-19,,,
N2,control,30pct,5.01,TB,2022-01-19,,,
N2,control,30pct,3.86,TB,2022-01-19,,,
N2,control,30pct,4.09,TB,2022-01-19,,,
N2,control,30pct,2.89,TB,2022-01-19,,,
N2,control,30pct,4.33,TB,2022-01-19,,,
cest-2.1,control,30pct,3.22,TB,2022-01-19,,,
cest-2.1,control,30pct,3.26,TB,2022-01-19,,,
cest-2.1,control,30pct,4.59,TB,2022-01-19,,,
cest-2.1,control,30pct,2.67,TB,2022-01-19,,,
cest-2.1,control,30pct,5.7,TB,2022-01-19,,,
cest-2.1,control,30pct,6.23,TB,2022-01-19,,,
cest-2.1,control,30pct,4.48,TB,2022-01-19,,,
cest-2.1,control,30pct,4.67,TB,2022-01-19,,,
cest-2.1,control,30pct,3.31,TB,2022-01-19,,,
cest-2.1,control,30pct,6.21,TB,2022-01-19,,,
cest-2.1,control,30pct,5.92,TB,2022-01-19,,,
cest-2.1,control,30pct,4.5,TB,2022-01-19,,,
cest-2.1,control,30pct,4.01,TB,2022-01-19,,,
cest-2.1,control,30pct,6.28,TB,2022-01-19,,,
cest-2.1,control,30pct,3.3,TB,2022-01-19,,,
cest-2.1,control,30pct,4.59,TB,2022-01-19,,,
cest-2.1,control,30pct,7.34,TB,2022-01-19,,,
cest-2.1,control,30pct,5.89,TB,2022-01-19,,,
cest-2.1,control,30pct,6.01,TB,2022-01-19,,,
N2,control,30pct,3.96,MD,2022-03-25,,,
N2,control,30pct,2.66,MD,2022-03-25,,,
N2,control,30pct,3.43,MD,2022-03-25,,,
N2,control,30pct,8.03,MD,2022-03-25,,,
N2,control,30pct,5.71,MD,2022-03-25,,,
N2,control,30pct,3.09,MD,2022-03-25,,,
N2,control,30pct,4.24,MD,2022-03-25,,,
N2,control,30pct,8.21,MD,2022-03-25,,,
N2,control,30pct,14.71,MD,2022-03-25,,,
N2,control,30pct,7.46,MD,2022-03-25,,,
N2,control,30pct,9.64,MD,2022-03-25,,,
N2,control,30pct,5.08,MD,2022-03-25,,,
N2,control,30pct,3.14,MD,2022-03-25,,,
N2,control,30pct,6.26,MD,2022-03-25,,,
N2,control,30pct,8.48,MD,2022-03-25,,,
N2,control,30pct,11.26,MD,2022-03-25,,,
N2,control,30pct,6.68,MD,2022-03-25,,,
N2,control,30pct,5.48,MD,2022-03-25,,,
N2,control,30pct,2.03,MD,2022-03-25,,,
N2,control,30pct,4.83,MD,2022-03-25,,,
cest-2.1,control,30pct,4.01,MD,2022-03-25,,,
cest-2.1,control,30pct,11.33,MD,2022-03-25,,,
cest-2.1,control,30pct,8.38,MD,2022-03-25,,,
cest-2.1,control,30pct,5.64,MD,2022-03-25,,,
cest-2.1,control,30pct,10.16,MD,2022-03-25,,,
cest-2.1,control,30pct,2.41,MD,2022-03-25,,,
cest-2.1,control,30pct,7.39,MD,2022-03-25,,,
cest-2.1,control,30pct,5.31,MD,2022-03-25,,,
cest-2.1,control,30pct,2.21,MD,2022-03-25,,,
cest-2.1,control,30pct,2.21,MD,2022-03-25,,,
cest-2.1,control,30pct,1.99,MD,2022-03-25,,,
cest-2.1,control,30pct,5.08,MD,2022-03-25,,,
cest-2.1,control,30pct,6.71,MD,2022-03-25,,,
cest-2.1,control,30pct,4.76,MD,2022-03-25,,,
cest-2.1,control,30pct,6.21,MD,2022-03-25,,,
cest-2.1,control,30pct,3.06,MD,2022-03-25,,,
cest-2.1,control,30pct,3.56,MD,2022-03-25,,,
cest-2.1,control,30pct,6.16,MD,2022-03-25,,,
cest-2.1,control,30pct,5.11,MD,2022-03-25,,,
cest-2.1,control,30pct,5.43,MD,2022-03-25,,,
tbh-1,control,30pct,4.75,TB,2022-04-05,,,
tbh-1,control,30pct,6.75,TB,2022-04-05,,,
tbh-1,control,30pct,9.23,TB,2022-04-05,,,
tbh-1,control,30pct,7.44,TB,2022-04-05,,,
tbh-1,control,30pct,5.4,TB,2022-04-05,,,
tbh-1,control,30pct,6.3,TB,2022-04-05,,,
tbh-1,control,30pct,7.94,TB,2022-04-05,,,
tbh-1,control,30pct,3.23,TB,2022-04-05,,,
tbh-1,control,30pct,2.55,TB,2022-04-05,,,
tbh-1,control,30pct,5.23,TB,2022-04-05,,,
tbh-1,control,30pct,2.82,TB,2022-04-05,,,
tbh-1,control,30pct,4.44,TB,2022-04-05,,,
tbh-1,control,30pct,3.19,TB,2022-04-05,,,
tbh-1,control,30pct,4.52,TB,2022-04-05,,,
tbh-1,control,30pct,5.11,TB,2022-04-05,,,
tbh-1,control,30pct,6.59,TB,2022-04-05,,,
cest-2.1,control,30pct,2.07,TB,2022-04-05,,,
cest-2.1,control,30pct,3.84,TB,2022-04-05,,,
cest-2.1,control,30pct,2.64,TB,2022-04-05,,,
cest-2.1,control,30pct,3.35,TB,2022-04-05,,,
cest-2.1,control,30pct,4.9,TB,2022-04-05,,,
cest-2.1,control,30pct,3.54,TB,2022-04-05,,,
cest-2.1,control,30pct,3.06,TB,2022-04-05,,,
cest-2.1,control,30pct,2.55,TB,2022-04-05,,,
cest-2.1,control,30pct,4.25,TB,2022-04-05,,,
cest-2.1,control,30pct,5.88,TB,2022-04-05,,,
cest-2.1,control,30pct,3.95,TB,2022-04-05,,,
cest-2.1,control,30pct,9.2,TB,2022-04-05,,,
cest-2.1,control,30pct,4.5,TB,2022-04-05,,,
cest-2.1,control,30pct,4.38,TB,2022-04-05,,,
cest-2.1,control,30pct,5.55,TB,2022-04-05,,,
cest-2.1,control,30pct,3.26,TB,2022-04-05,,,
N2,control,30pct,12.82,TB,2022-04-05,,,
N2,control,30pct,6.16,TB,2022-04-05,,,
N2,control,30pct,6.89,TB,2022-04-05,,,
N2,control,30pct,8.56,TB,2022-04-05,,,
N2,control,30pct,4.26,TB,2022-04-05,,,
N2,control,30pct,11.92,TB,2022-04-05,,,
N2,control,30pct,7.25,TB,2022-04-05,,,
N2,control,30pct,5.26,TB,2022-04-05,,,
N2,control,30pct,6.25,TB,2022-04-05,,,
N2,control,30pct,9.15,TB,2022-04-05,,,
N2,control,30pct,14.08,TB,2022-04-05,,,
N2,control,30pct,11.96,TB,2022-04-05,,,
N2,control,30pct,7.59,TB,2022-04-05,,,
N2,control,30pct,8.73,TB,2022-04-05,,,
N2,control,30pct,7.7,TB,2022-04-05,,,
N2,control,30pct,5.79,TB,2022-04-05,,,
N2,control,30pct,15.47,TB,2022-04-05,,,
N2,control,30pct,4.97,TB,2022-04-05,,,
N2,control,30pct,5.76,TB,2022-04-05,,,
tbh-1,control,30pct,6.48,MD,2022-04-05,,,
tbh-1,control,30pct,4.53,MD,2022-04-05,,,
tbh-1,control,30pct,10.19,MD,2022-04-05,,,
tbh-1,control,30pct,1.66,MD,2022-04-05,,,
tbh-1,control,30pct,4.1,MD,2022-04-05,,,
tbh-1,control,30pct,4.88,MD,2022-04-05,,,
tbh-1,control,30pct,5.21,MD,2022-04-05,,,
tbh-1,control,30pct,8.14,MD,2022-04-05,,,
tbh-1,control,30pct,2.89,MD,2022-04-05,,,
tbh-1,control,30pct,5.84,MD,2022-04-05,,,
tbh-1,control,30pct,4.89,MD,2022-04-05,,,
tbh-1,control,30pct,4.91,MD,2022-04-05,,,
tbh-1,control,30pct,5.01,MD,2022-04-05,,,
tbh-1,control,30pct,5.34,MD,2022-04-05,,,
cest-2.1,control,30pct,4.86,MD,2022-04-05,,,
cest-2.1,control,30pct,2.94,MD,2022-04-05,,,
cest-2.1,control,30pct,2.58,MD,2022-04-05,,,
cest-2.1,control,30pct,6.266,MD,2022-04-05,,,
cest-2.1,control,30pct,3.91,MD,2022-04-05,,,
cest-2.1,control,30pct,10.43,MD,2022-04-05,,,
cest-2.1,control,30pct,1.89,MD,2022-04-05,,,
cest-2.1,control,30pct,2.89,MD,2022-04-05,,,
cest-2.1,control,30pct,2.2,MD,2022-04-05,,,
cest-2.1,control,30pct,1.96,MD,2022-04-05,,,
cest-2.1,control,30pct,5.51,MD,2022-04-05,,,
cest-2.1,control,30pct,3.31,MD,2022-04-05,,,
cest-2.1,control,30pct,2.98,MD,2022-04-05,,,
cest-2.1,control,30pct,2.84,MD,2022-04-05,,,
cest-2.1,control,30pct,2.18,MD,2022-04-05,,,
N2,control,30pct,4.18,MD,2022-04-05,,,
N2,control,30pct,3.58,MD,2022-04-05,,,
N2,control,30pct,16.48,MD,2022-04-05,,,
N2,control,30pct,15.06,MD,2022-04-05,,,
N2,control,30pct,7.68,MD,2022-04-05,,,
N2,control,30pct,7.99,MD,2022-04-05,,,
N2,control,30pct,3.06,MD,2022-04-05,,,
N2,control,30pct,11.53,MD,2022-04-05,,,
N2,control,30pct,8.23,MD,2022-04-05,,,
N2,control,30pct,11.88,MD,2022-04-05,,,
N2,control,30pct,7.09,MD,2022-04-05,,,
N2,control,30pct,6.41,MD,2022-04-05,,,
N2,control,30pct,16.25,TB,2022-04-27,,,
N2,control,30pct,3.08,TB,2022-04-27,,,
N2,control,30pct,7.87,TB,2022-04-27,,,
N2,control,30pct,9.09,TB,2022-04-27,,,
N2,control,30pct,8.68,TB,2022-04-27,,,
N2,control,30pct,17.25,TB,2022-04-27,,,
N2,control,30pct,15.99,TB,2022-04-27,,,
N2,control,30pct,2.41,TB,2022-04-27,,,
N2,control,30pct,8.23,TB,2022-04-27,,,
N2,control,30pct,6.65,TB,2022-04-27,,,
N2,control,30pct,6.73,TB,2022-04-27,,,
tbh-1,control,30pct,10.21,TB,2022-04-27,,,
tbh-1,control,30pct,7.39,TB,2022-04-27,,,
tbh-1,control,30pct,14.23,TB,2022-04-27,,,
tbh-1,control,30pct,9.62,TB,2022-04-27,,,
tbh-1,control,30pct,12.45,TB,2022-04-27,,,
tbh-1,control,30pct,12.97,TB,2022-04-27,,,
tbh-1,control,30pct,15.23,TB,2022-04-27,,,
tbh-1,control,30pct,9.03,TB,2022-04-27,,,
tbh-1,control,30pct,9.2,TB,2022-04-27,,,
tbh-1,control,30pct,6.77,TB,2022-04-27,,,
tbh-1,control,30pct,7.99,TB,2022-04-27,,,
tbh-1,control,30pct,9.55,TB,2022-04-27,,,
tbh-1,control,30pct,11.01,TB,2022-04-27,,,
tbh-1,control,30pct,5.72,TB,2022-04-27,,,
tbh-1,control,30pct,7.18,TB,2022-04-27,,,
cest-2.1,control,30pct,4.22,TB,2022-04-27,,,
cest-2.1,control,30pct,4.97,TB,2022-04-27,,,
cest-2.1,control,30pct,5.42,TB,2022-04-27,,,
cest-2.1,control,30pct,8.63,TB,2022-04-27,,,
cest-2.1,control,30pct,10.68,TB,2022-04-27,,,
cest-2.1,control,30pct,11.25,TB,2022-04-27,,,
cest-2.1,control,30pct,8.62,TB,2022-04-27,,,
cest-2.1,control,30pct,4.63,TB,2022-04-27,,,
cest-2.1,control,30pct,9.57,TB,2022-04-27,,,
cest-2.1,control,30pct,10.94,TB,2022-04-27,,,
cest-2.1,control,30pct,6.24,TB,2022-04-27,,,
cest-2.1,control,30pct,7.24,TB,2022-04-27,,,
cest-2.1,control,30pct,6.95,TB,2022-04-27,,,
cest-2.1,control,30pct,3.09,TB,2022-04-27,,,
cest-2.1,control,30pct,7.47,TB,2022-04-27,,,
cest-2.1,control,30pct,6.89,TB,2022-04-27,,,
N2,control,30pct,4.67,TB,2022-05-10,,,
N2,control,30pct,9.36,TB,2022-05-10,,,
N2,control,30pct,7.87,TB,2022-05-10,,,
N2,control,30pct,11.42,TB,2022-05-10,,,
N2,control,30pct,7.86,TB,2022-05-10,,,
N2,control,30pct,11.72,TB,2022-05-10,,,
N2,control,30pct,10,TB,2022-05-10,,,
N2,control,30pct,5.19,TB,2022-05-10,,,
N2,control,30pct,16.58,TB,2022-05-10,,,
N2,control,30pct,7.44,TB,2022-05-10,,,
N2,control,30pct,12.2,TB,2022-05-10,,,
N2,control,30pct,4.7,TB,2022-05-10,,,
N2,control,30pct,7.89,TB,2022-05-10,,,
N2,control,30pct,15.02,TB,2022-05-10,,,
N2,control,30pct,10.38,TB,2022-05-10,,,
tbh-1,control,30pct,3.88,TB,2022-05-10,,,
tbh-1,control,30pct,9.46,TB,2022-05-10,,,
tbh-1,control,30pct,2.74,TB,2022-05-10,,,
tbh-1,control,30pct,6.36,TB,2022-05-10,,,
tbh-1,control,30pct,2.96,TB,2022-05-10,,,
tbh-1,control,30pct,4.55,TB,2022-05-10,,,
tbh-1,control,30pct,3.08,TB,2022-05-10,,,
tbh-1,control,30pct,3.96,TB,2022-05-10,,,
tbh-1,control,30pct,5.64,TB,2022-05-10,,,
tbh-1,control,30pct,4.51,TB,2022-05-10,,,
tbh-1,control,30pct,5.22,TB,2022-05-10,,,
tbh-1,control,30pct,3.98,TB,2022-05-10,,,
tbh-1,control,30pct,6.7,TB,2022-05-10,,,
tbh-1,control,30pct,4.03,TB,2022-05-10,,,
tbh-1,control,30pct,2.98,TB,2022-05-10,,,
tbh-1,control,30pct,4.55,TB,2022-05-10,,,
tbh-1,control,30pct,9.82,TB,2022-05-10,,,
tbh-1,control,30pct,6.59,TB,2022-05-10,,,
tbh-1,control,30pct,4.23,TB,2022-05-10,,,
cest-2.1,control,30pct,6.12,TB,2022-05-10,,,
cest-2.1,control,30pct,7.18,TB,2022-05-10,,,
cest-2.1,control,30pct,6.02,TB,2022-05-10,,,
cest-2.1,control,30pct,3.25,TB,2022-05-10,,,
cest-2.1,control,30pct,7.1,TB,2022-05-10,,,
cest-2.1,control,30pct,4.89,TB,2022-05-10,,,
cest-2.1,control,30pct,6.07,TB,2022-05-10,,,
cest-2.1,control,30pct,6.21,TB,2022-05-10,,,
cest-2.1,control,30pct,4.2,TB,2022-05-10,,,
cest-2.1,control,30pct,5.93,TB,2022-05-10,,,
cest-2.1,control,30pct,4.39,TB,2022-05-10,,,
cest-2.1,control,30pct,4.23,TB,2022-05-10,,,
cest-2.1,control,30pct,5.1,TB,2022-05-10,,,
cest-2.1,control,30pct,3.93,TB,2022-05-10,,,
MOY0006,control,30pct,3.58,TB,2022-05-24,,,
MOY0006,control,30pct,4.15,TB,2022-05-24,,,
MOY0006,control,30pct,4.03,TB,2022-05-24,,,
MOY0006,control,30pct,2.26,TB,2022-05-24,,,
MOY0006,control,30pct,6.75,TB,2022-05-24,,,
MOY0006,control,30pct,2.76,TB,2022-05-24,,,
MOY0006,control,30pct,2.05,TB,2022-05-24,,,
MOY0006,control,30pct,2.19,TB,2022-05-24,,,
MOY0006,control,30pct,3.8,TB,2022-05-24,,,
MOY0006,control,30pct,1.97,TB,2022-05-24,,,
MOY0006,control,30pct,8.14,TB,2022-05-24,,,
MOY0006,control,30pct,4.62,TB,2022-05-24,,,
MOY0006,control,30pct,4.06,TB,2022-05-24,,,
MOY0006,control,30pct,3.25,TB,2022-05-24,,,
MOY0006,control,30pct,3.56,TB,2022-05-24,,,
MOY0006,control,30pct,4.17,TB,2022-05-24,,,
MOY0006,control,30pct,10.56,TB,2022-05-24,,,
MOY0006,control,30pct,2.82,TB,2022-05-24,,,
cest-2.1,control,30pct,3.04,TB,2022-05-24,,,
cest-2.1,control,30pct,11.19,TB,2022-05-24,,,
cest-2.1,control,30pct,4.03,TB,2022-05-24,,,
cest-2.1,control,30pct,6,TB,2022-05-24,,,
cest-2.1,control,30pct,3.18,TB,2022-05-24,,,
cest-2.1,control,30pct,4.17,TB,2022-05-24,,,
cest-2.1,control,30pct,8.88,TB,2022-05-24,,,
cest-2.1,control,30pct,3.75,TB,2022-05-24,,,
cest-2.1,control,30pct,2.99,TB,2022-05-24,,,
cest-2.1,control,30pct,7.18,TB,2022-05-24,,,
cest-2.1,control,30pct,4.69,TB,2022-05-24,,,
cest-2.1,control,30pct,4.68,TB,2022-05-24,,,
cest-2.1,control,30pct,1.92,TB,2022-05-24,,,
cest-2.1,control,30pct,3.29,TB,2022-05-24,,,
cest-2.1,control,30pct,6.19,TB,2022-05-24,,,
cest-2.1,control,30pct,8.68,TB,2022-05-24,,,
cest-2.1,control,30pct,6.18,TB,2022-05-24,,,
cest-2.1,control,30pct,3.15,TB,2022-05-24,,,
N2,control,30pct,9.78,TB,2022-05-24,,,
N2,control,30pct,13.24,TB,2022-05-24,,,
N2,control,30pct,5.39,TB,2022-05-24,,,
N2,control,30pct,4.58,TB,2022-05-24,,,
N2,control,30pct,8.87,TB,2022-05-24,,,
N2,control,30pct,5.92,TB,2022-05-24,,,
N2,control,30pct,6.93,TB,2022-05-24,,,
N2,control,30pct,2.84,TB,2022-05-24,,,
N2,control,30pct,6.54,TB,2022-05-24,,,
N2,control,30pct,5.87,TB,2022-05-24,,,
N2,control,30pct,11.95,TB,2022-05-24,,,
N2,control,30pct,13.1,TB,2022-05-24,,,
N2,control,30pct,10.94,TB,2022-05-24,,,
N2,control,30pct,9.97,TB,2022-05-24,,,
N2,control,30pct,4.62,TB,2022-05-24,,,
N2,control,30pct,8.51,TB,2022-05-24,,,
N2,control,30pct,10.77,TB,2022-05-24,,,
N2,control,30pct,14.46,TB,2022-05-24,,,
N2,control,30pct,2.49,TB,2022-10-13,,,
N2,control,30pct,4.45,TB,2022-10-13,,,
N2,control,30pct,3.03,TB,2022-10-13,,,
N2,control,30pct,2.08,TB,2022-10-13,,,
N2,control,30pct,6.15,TB,2022-10-13,,,
N2,control,30pct,10.77,TB,2022-10-13,,,
N2,control,30pct,2.35,TB,2022-10-13,,,
N2,control,30pct,3.58,TB,2022-10-13,,,
N2,control,30pct,5.91,TB,2022-10-13,,,
N2,control,30pct,3.78,TB,2022-10-13,,,
N2,control,30pct,2.99,TB,2022-10-13,,,
N2,control,30pct,8.18,TB,2022-10-13,,,
N2,control,30pct,4.37,TB,2022-10-13,,,
N2,control,30pct,4.69,TB,2022-10-13,,,
N2,control,30pct,2.54,TB,2022-10-13,,,
N2,control,30pct,2.5,TB,2022-10-13,,,
N2,control,30pct,13.18,TB,2022-10-13,,,
cest-2.1,control,30pct,6.01,TB,2022-10-13,,,
cest-2.1,control,30pct,6.23,TB,2022-10-13,,,
cest-2.1,control,30pct,6.36,TB,2022-10-13,,,
cest-2.1,control,30pct,8.64,TB,2022-10-13,,,
cest-2.1,control,30pct,14.98,TB,2022-10-13,,,
cest-2.1,control,30pct,8.96,TB,2022-10-13,,,
cest-2.1,control,30pct,3.69,TB,2022-10-13,,,
cest-2.1,control,30pct,4.3,TB,2022-10-13,,,
cest-2.1,control,30pct,7.12,TB,2022-10-13,,,
cest-2.1,control,30pct,4.36,TB,2022-10-13,,,
cest-2.1,control,30pct,17.66,TB,2022-10-13,,,
cest-2.1,control,30pct,4.12,TB,2022-10-13,,,
cest-2.1,control,30pct,7.39,TB,2022-10-13,,,
cest-2.1,control,30pct,10.83,TB,2022-10-13,,,
cest-2.1,control,30pct,3.81,TB,2022-10-13,,,
cest-2.1,control,30pct,4.91,TB,2022-10-13,,,
cest-2.1,control,30pct,8.93,TB,2022-10-13,,,
cest-2.1,control,30pct,5.09,TB,2022-10-13,,,
cest-2.1,control,30pct,16.13,TB,2022-10-13,,,
cest-2.1,control,30pct,10.82,TB,2022-10-13,,,
cest-2.1,control,30pct,4.3,TB,2022-12-14,,,
cest-2.1,control,30pct,3.7,TB,2022-12-14,,,
cest-2.1,control,30pct,3.2,TB,2022-12-14,,,
cest-2.1,control,30pct,3.6,TB,2022-12-14,,,
cest-2.1,control,30pct,2.94,TB,2022-12-14,,,
cest-2.1,control,30pct,4.53,TB,2022-12-14,,,
cest-2.1,control,30pct,2.36,TB,2022-12-14,,,
cest-2.1,control,30pct,3.45,TB,2022-12-14,,,
cest-2.1,control,30pct,2.53,TB,2022-12-14,,,
cest-2.1,control,30pct,4.06,TB,2022-12-14,,,
cest-2.1,control,30pct,4.02,TB,2022-12-14,,,
cest-2.1,control,30pct,1.69,TB,2022-12-14,,,
cest-2.1,control,30pct,6.35,TB,2022-12-14,,,
cest-2.1,control,30pct,6.37,TB,2022-12-14,,,
cest-2.1,control,30pct,2.45,TB,2022-12-14,,,
cest-2.1,control,30pct,3.14,TB,2022-12-14,,,
cest-2.1,control,30pct,5.1,TB,2022-12-14,,,
cest-2.1,control,30pct,6.61,TB,2022-12-14,,,
cest-2.1,control,30pct,4.97,TB,2022-12-14,,,
cest-2.1,control,30pct,3.87,TB,2022-12-14,,,
cest-2.1,control,30pct,3.49,TB,2022-12-14,,,
tbh-1,control,30pct,1.86,TB,2022-12-14,,,
tbh-1,control,30pct,2.73,TB,2022-12-14,,,
tbh-1,control,30pct,3.35,TB,2022-12-14,,,
tbh-1,control,30pct,4.85,TB,2022-12-14,,,
tbh-1,control,30pct,11.87,TB,2022-12-14,,,
tbh-1,control,30pct,3.82,TB,2022-12-14,,,
tbh-1,control,30pct,4.07,TB,2022-12-14,,,
tbh-1,control,30pct,3.09,TB,2022-12-14,,,
tbh-1,control,30pct,4.79,TB,2022-12-14,,,
tbh-1,control,30pct,2.79,TB,2022-12-14,,,
tbh-1,control,30pct,6.92,TB,2022-12-14,,,
tbh-1,control,30pct,7.05,TB,2022-12-14,,,
tbh-1,control,30pct,4.51,TB,2022-12-14,,,
tbh-1,control,30pct,4.02,TB,2022-12-14,,,
tbh-1,control,30pct,4.58,TB,2022-12-14,,,
tbh-1,control,30pct,3.86,TB,2022-12-14,,,
tbh-1,control,30pct,2.71,TB,2022-12-14,,,
tbh-1,control,30pct,7.79,TB,2022-12-14,,,
tbh-1,control,30pct,4.78,TB,2022-12-14,,,
tbh-1,control,30pct,4.66,TB,2022-12-14,,,
N2,control,30pct,3.28,TB,2022-12-14,,,
N2,control,30pct,7.79,TB,2022-12-14,,,
N2,control,30pct,6.86,TB,2022-12-14,,,
N2,control,30pct,5.44,TB,2022-12-14,,,
N2,control,30pct,5.58,TB,2022-12-14,,,
N2,control,30pct,14.22,TB,2022-12-14,,,
N2,control,30pct,7.78,TB,2022-12-14,,,
N2,control,30pct,5.33,TB,2022-12-14,,,
N2,control,30pct,2.97,TB,2022-12-14,,,
N2,control,30pct,5.93,TB,2022-12-14,,,
N2,control,30pct,5.88,TB,2022-12-14,,,
N2,control,30pct,4.88,TB,2022-12-14,,,
N2,control,30pct,9.05,TB,2022-12-14,,,
N2,control,30pct,9.64,TB,2022-12-14,,,
N2,control,30pct,5.75,TB,2022-12-14,,,
N2,control,30pct,4.23,TB,2022-12-14,,,
N2,control,30pct,7.9,TB,2022-12-14,,,
N2,control,30pct,8.09,TB,2022-12-14,,,
N2,control,30pct,5.28,TB,2022-12-14,,,
N2,control,30pct,3.89,TB,2022-12-14,,,
cest-2.1,control,30pct,3.31,TB,2023-02-02,,,
cest-2.1,control,30pct,2.98,TB,2023-02-02,,,
cest-2.1,control,30pct,2.84,TB,2023-02-02,,,
cest-2.1,control,30pct,2.18,TB,2023-02-02,,,
cest-2.1,control,30pct,4.22,TB,2023-02-02,,,
cest-2.1,control,30pct,4.97,TB,2023-02-02,,,
cest-2.1,control,30pct,5.42,TB,2023-02-02,,,
cest-2.1,control,30pct,4.27,TB,2023-02-02,,,
cest-2.1,control,30pct,10.68,TB,2023-02-02,,,
cest-2.1,control,30pct,7.75,TB,2023-02-02,,,
cest-2.1,control,30pct,7.72,TB,2023-02-02,,,
cest-2.1,control,30pct,4.63,TB,2023-02-02,,,
cest-2.1,control,30pct,9.57,TB,2023-02-02,,,
cest-2.1,control,30pct,10.94,TB,2023-02-02,,,
cest-2.1,control,30pct,6.24,TB,2023-02-02,,,
cest-2.1,control,30pct,7.24,TB,2023-02-02,,,
cest-2.1,control,30pct,6.95,TB,2023-02-02,,,
cest-2.1,control,30pct,3.09,TB,2023-02-02,,,
cest-2.1,control,30pct,6.47,TB,2023-02-02,,,
cest-2.1,control,30pct,3.26,TB,2023-02-02,,,
cest-2.1,control,30pct,6.12,TB,2023-02-02,,,
cest-2.1,control,30pct,3.2,TB,2023-02-02,,,
cest-2.1,control,30pct,6.02,TB,2023-02-02,,,
cest-2.1,control,30pct,3.25,TB,2023-02-02,,,
cest-2.1,control,30pct,7.1,TB,2023-02-02,,,
N2,control,30pct,12.9,TB,2023-02-02,,,
N2,control,30pct,9.04,TB,2023-02-02,,,
N2,control,30pct,7.93,TB,2023-02-02,,,
N2,control,30pct,6.47,TB,2023-02-02,,,
N2,control,30pct,3.71,TB,2023-02-02,,,
N2,control,30pct,9.95,TB,2023-02-02,,,
N2,control,30pct,11.12,TB,2023-02-02,,,
N2,control,30pct,5.56,TB,2023-02-02,,,
N2,control,30pct,18.32,TB,2023-02-02,,,
N2,control,30pct,6.68,TB,2023-02-02,,,
N2,control,30pct,9.25,TB,2023-02-02,,,
N2,control,30pct,8.35,TB,2023-02-02,,,
N2,control,30pct,6.37,TB,2023-02-02,,,
N2,control,30pct,15.6,TB,2023-02-02,,,
N2,control,30pct,8.93,TB,2023-02-02,,,
N2,control,30pct,6.13,TB,2023-02-02,,,
N2,control,30pct,6.04,TB,2023-02-02,,,
N2,control,30pct,4.83,TB,2023-02-02,,,
N2,control,30pct,9.52,TB,2023-02-02,,,
N2,control,30pct,17.4,TB,2023-02-02,,,
N2,control,30pct,7.41,TB,2023-02-02,,,
N2,control,30pct,6.87,TB,2023-02-02,,,
N2,control,30pct,5.55,TB,2023-02-02,,,
N2,control,30pct,13.57,TB,2023-02-02,,,
N2,control,30pct,6.05,TB,2023-02-02,,,
N2,control,30pct,15.47,TB,2023-02-08,,,
N2,control,30pct,4.97,TB,2023-02-08,,,
N2,control,30pct,5.76,TB,2023-02-08,,,
N2,control,30pct,4.18,TB,2023-02-08,,,
N2,control,30pct,3.58,TB,2023-02-08,,,
N2,control,30pct,16.48,TB,2023-02-08,,,
N2,control,30pct,15.06,TB,2023-02-08,,,
N2,control,30pct,7.68,TB,2023-02-08,,,
N2,control,30pct,7.99,TB,2023-02-08,,,
N2,control,30pct,3.06,TB,2023-02-08,,,
N2,control,30pct,11.53,TB,2023-02-08,,,
N2,control,30pct,8.23,TB,2023-02-08,,,
N2,control,30pct,11.88,TB,2023-02-08,,,
N2,control,30pct,7.09,TB,2023-02-08,,,
N2,control,30pct,6.41,TB,2023-02-08,,,
N2,control,30pct,16.25,TB,2023-02-08,,,
N2,control,30pct,3.08,TB,2023-02-08,,,
N2,control,30pct,7.87,TB,2023-02-08,,,
N2,control,30pct,9.09,TB,2023-02-08,,,
N2,control,30pct,8.68,TB,2023-02-08,,,
N2,control,30pct,17.25,TB,2023-02-08,,,
tbh-1,control,30pct,3.35,TB,2023-02-08,,,
tbh-1,control,30pct,4.85,TB,2023-02-08,,,
tbh-1,control,30pct,11.87,TB,2023-02-08,,,
tbh-1,control,30pct,3.82,TB,2023-02-08,,,
tbh-1,control,30pct,4.07,TB,2023-02-08,,,
tbh-1,control,30pct,3.09,TB,2023-02-08,,,
tbh-1,control,30pct,4.79,TB,2023-02-08,,,
tbh-1,control,30pct,2.79,TB,2023-02-08,,,
tbh-1,control,30pct,6.92,TB,2023-02-08,,,
tbh-1,control,30pct,7.05,TB,2023-02-08,,,
tbh-1,control,30pct,4.51,TB,2023-02-08,,,
tbh-1,control,30pct,4.02,TB,2023-02-08,,,
tbh-1,control,30pct,4.58,TB,2023-02-08,,,
tbh-1,control,30pct,3.86,TB,2023-02-08,,,
tbh-1,control,30pct,2.71,TB,2023-02-08,,,
tbh-1,control,30pct,7.79,TB,2023-02-08,,,
tbh-1,control,30pct,4.78,TB,2023-02-08,,,
tbh-1,control,30pct,4.66,TB,2023-02-08,,,
cest-2.1,control,30pct,5.92,TB,2023-02-08,,,
cest-2.1,control,30pct,4.5,TB,2023-02-08,,,
cest-2.1,control,30pct,4.01,TB,2023-02-08,,,
cest-2.1,control,30pct,6.28,TB,2023-02-08,,,
cest-2.1,control,30pct,3.3,TB,2023-02-08,,,
cest-2.1,control,30pct,4.59,TB,2023-02-08,,,
cest-2.1,control,30pct,7.34,TB,2023-02-08,,,
cest-2.1,control,30pct,5.89,TB,2023-02-08,,,
cest-2.1,control,30pct,6.01,TB,2023-02-08,,,
cest-2.1,control,30pct,4.01,TB,2023-02-08,,,
cest-2.1,control,30pct,11.33,TB,2023-02-08,,,
cest-2.1,control,30pct,8.38,TB,2023-02-08,,,
cest-2.1,control,30pct,5.64,TB,2023-02-08,,,
cest-2.1,control,30pct,10.16,TB,2023-02-08,,,
cest-2.1,control,30pct,2.41,TB,2023-02-08,,,
cest-2.1,control,30pct,7.39,TB,2023-02-08,,,
cest-2.1,control,30pct,5.31,TB,2023-02-08,,,
cest-2.1,control,30pct,2.21,TB,2023-02-08,,,
cest-2.1,control,30pct,2.21,TB,2023-02-08,,,
cest-2.1,control,30pct,1.99,TB,2023-02-08,,,
N2,control,30pct,12.82,TB,2023-05-08,,,
N2,control,30pct,12.82,TB,2023-05-08,,,
N2,control,30pct,3.09,TB,2023-05-08,,,
N2,control,30pct,4.24,TB,2023-05-08,,,
N2,control,30pct,9.09,TB,2023-05-08,,,
N2,control,30pct,14.71,TB,2023-05-08,,,
N2,control,30pct,7.46,TB,2023-05-08,,,
N2,control,30pct,7.25,TB,2023-05-08,,,
N2,control,30pct,8.76,TB,2023-05-08,,,
N2,control,30pct,6.25,TB,2023-05-08,,,
N2,control,30pct,9.15,TB,2023-05-08,,,
N2,control,30pct,14.08,TB,2023-05-08,,,
N2,control,30pct,11.96,TB,2023-05-08,,,
N2,control,30pct,7.59,TB,2023-05-08,,,
N2,control,30pct,8.73,TB,2023-05-08,,,
N2,control,30pct,18.1,TB,2023-05-08,,,
N2,control,30pct,5.79,TB,2023-05-08,,,
N2,control,30pct,15.47,TB,2023-05-08,,,
N2,control,30pct,4.97,TB,2023-05-08,,,
N2,control,30pct,5.76,TB,2023-05-08,,,
cest-2.1,control,30pct,4.45,TB,2023-05-08,,,
cest-2.1,control,30pct,4.01,TB,2023-05-08,,,
cest-2.1,control,30pct,2.43,TB,2023-05-08,,,
cest-2.1,control,30pct,3.3,TB,2023-05-08,,,
cest-2.1,control,30pct,4.59,TB,2023-05-08,,,
cest-2.1,control,30pct,4.21,TB,2023-05-08,,,
cest-2.1,control,30pct,2.36,TB,2023-05-08,,,
cest-2.1,control,30pct,4.06,TB,2023-05-08,,,
cest-2.1,control,30pct,2.53,TB,2023-05-08,,,
cest-2.1,control,30pct,3.46,TB,2023-05-08,,,
cest-2.1,control,30pct,4.02,TB,2023-05-08,,,
cest-2.1,control,30pct,1.69,TB,2023-05-08,,,
cest-2.1,control,30pct,6.35,TB,2023-05-08,,,
cest-2.1,control,30pct,3.87,TB,2023-05-08,,,
cest-2.1,control,30pct,5.22,TB,2023-05-08,,,
cest-2.1,control,30pct,3.95,TB,2023-05-08,,,
cest-2.1,control,30pct,4.97,TB,2023-05-08,,,
cest-2.1,control,30pct,5.42,TB,2023-05-08,,,
cest-2.1,control,30pct,8.63,TB,2023-05-08,,,
cest-2.1,control,30pct,10.68,TB,2023-05-08,,,
cest-2.1,control,30pct,7.01,TB,2023-05-08,,,
cest-2.1,control,30pct,8.62,TB,2023-05-08,,,
glo-1,control,30pct,2.96,TB,2023-05-08,,,
glo-1,control,30pct,8.38,TB,2023-05-08,,,
glo-1,control,30pct,3.88,TB,2023-05-08,,,
glo-1,control,30pct,2.2,TB,2023-05-08,,,
glo-1,control,30pct,3.57,TB,2023-05-08,,,
glo-1,control,30pct,4.09,TB,2023-05-08,,,
glo-1,control,30pct,3.19,TB,2023-05-08,,,
glo-1,control,30pct,8.75,TB,2023-05-08,,,
glo-1,control,30pct,3.31,TB,2023-05-08,,,
glo-1,control,30pct,6.31,TB,2023-05-08,,,
glo-1,control,30pct,2.4,TB,2023-05-08,,,
glo-1,control,30pct,4.62,TB,2023-05-08,,,
glo-1,control,30pct,4.37,TB,2023-05-08,,,
glo-1,control,30pct,2.65,TB,2023-05-08,,,
glo-1,control,30pct,2.38,TB,2023-05-08,,,
glo-1,control,30pct,2.75,TB,2023-05-08,,,
glo-1,control,30pct,3.19,TB,2023-05-08,,,
glo-1,control,30pct,4.48,TB,2023-05-08,,,
tbh-1,control,30pct,3.12,TB,2023-05-08,,,
tbh-1,control,30pct,2.73,TB,2023-05-08,,,
tbh-1,control,30pct,5.23,TB,2023-05-08,,,
tbh-1,control,30pct,4.51,TB,2023-05-08,,,
tbh-1,control,30pct,6.04,TB,2023-05-08,,,
tbh-1,control,30pct,3.39,TB,2023-05-08,,,
tbh-1,control,30pct,3.52,TB,2023-05-08,,,
tbh-1,control,30pct,5.11,TB,2023-05-08,,,
tbh-1,control,30pct,6.59,TB,2023-05-08,,,
tbh-1,control,30pct,7.99,TB,2023-05-08,,,
tbh-1,control,30pct,5.72,TB,2023-05-08,,,
tbh-1,control,30pct,2.74,TB,2023-05-08,,,
tbh-1,control,30pct,6.36,TB,2023-05-08,,,
tbh-1,control,30pct,2.96,TB,2023-05-08,,,
tbh-1,control,30pct,4.55,TB,2023-05-08,,,
tbh-1,control,30pct,3.08,TB,2023-05-08,,,
tbh-1,control,30pct,3.96,TB,2023-05-08,,,
tbh-1,control,30pct,4.03,TB,2023-05-08,,,
tbh-1,control,30pct,3.14,TB,2023-05-08,,,
tbh-1,control,30pct,4.63,TB,2023-05-08,,,
tbh-1,control,30pct,2.73,TB,2023-05-08,,,
N2,control,30pct,4.57,TB,2023-05-09,,,
N2,control,30pct,3.98,TB,2023-05-09,,,
N2,control,30pct,7.56,TB,2023-05-09,,,
N2,control,30pct,9.96,TB,2023-05-09,,,
N2,control,30pct,5.72,TB,2023-05-09,,,
N2,control,30pct,14.72,TB,2023-05-09,,,
N2,control,30pct,3.55,TB,2023-05-09,,,
N2,control,30pct,8.95,TB,2023-05-09,,,
N2,control,30pct,11.35,TB,2023-05-09,,,
N2,control,30pct,17.41,TB,2023-05-09,,,
N2,control,30pct,7.52,TB,2023-05-09,,,
N2,control,30pct,6.39,TB,2023-05-09,,,
N2,control,30pct,5.97,TB,2023-05-09,,,
N2,control,30pct,10.87,TB,2023-05-09,,,
N2,control,30pct,5.03,TB,2023-05-09,,,
N2,control,30pct,9.41,TB,2023-05-09,,,
N2,control,30pct,12.26,TB,2023-05-09,,,
N2,control,30pct,18.54,TB,2023-05-09,,,
N2,control,30pct,8.23,TB,2023-05-09,,,
glo-1,control,30pct,5.39,TB,2023-05-09,,,
glo-1,control,30pct,2.63,TB,2023-05-09,,,
glo-1,control,30pct,9.53,TB,2023-05-09,,,
glo-1,control,30pct,6.34,TB,2023-05-09,,,
glo-1,control,30pct,6.1,TB,2023-05-09,,,
glo-1,control,30pct,9.53,TB,2023-05-09,,,
glo-1,control,30pct,8.64,TB,2023-05-09,,,
glo-1,control,30pct,3.24,TB,2023-05-09,,,
glo-1,control,30pct,4.69,TB,2023-05-09,,,
glo-1,control,30pct,6.49,TB,2023-05-09,,,
glo-1,control,30pct,1.95,TB,2023-05-09,,,
glo-1,control,30pct,3.32,TB,2023-05-09,,,
glo-1,control,30pct,5.23,TB,2023-05-09,,,
glo-1,control,30pct,8.65,TB,2023-05-09,,,
glo-1,control,30pct,9.21,TB,2023-05-09,,,
glo-1,control,30pct,2.11,TB,2023-05-09,,,
glo-1,control,30pct,3.45,TB,2023-05-09,,,
glo-1,control,30pct,5.28,TB,2023-05-09,,,
glo-1,control,30pct,8.26,TB,2023-05-09,,,
glo-1,control,30pct,2.91,TB,2023-05-09,,,
glo-1,control,30pct,7.34,TB,2023-05-09,,,
glo-1,control,30pct,2.67,TB,2023-05-09,,,
cest-2.1,control,30pct,3.12,TB,2023-05-09,,,
cest-2.1,control,30pct,1.78,TB,2023-05-09,,,
cest-2.1,control,30pct,4.53,TB,2023-05-09,,,
cest-2.1,control,30pct,3.53,TB,2023-05-09,,,
cest-2.1,control,30pct,7.55,TB,2023-05-09,,,
cest-2.1,control,30pct,5.28,TB,2023-05-09,,,
cest-2.1,control,30pct,2.2,TB,2023-05-09,,,
cest-2.1,control,30pct,4.34,TB,2023-05-09,,,
cest-2.1,control,30pct,3.44,TB,2023-05-09,,,
cest-2.1,control,30pct,5.47,TB,2023-05-09,,,
cest-2.1,control,30pct,3.94,TB,2023-05-09,,,
cest-2.1,control,30pct,8.64,TB,2023-05-09,,,
cest-2.1,control,30pct,6.13,TB,2023-05-09,,,
cest-2.1,control,30pct,2.11,TB,2023-05-09,,,
cest-2.1,control,30pct,3.87,TB,2023-05-09,,,
cest-2.1,control,30pct,4.02,TB,2023-05-09,,,
cest-2.1,control,30pct,3.85,TB,2023-05-09,,,
cest-2.1,control,30pct,6.93,TB,2023-05-09,,,
cest-2.1,control,30pct,3.61,TB,2023-05-09,,,
cest-2.1,control,30pct,5.95,TB,2023-05-09,,,
cest-2.1,control,30pct,3.09,TB,2023-05-09,,,
cest-2.1,control,30pct,2.67,TB,2023-05-09,,,
cest-2.1,control,30pct,6.34,TB,2023-05-09,,,
cest-2.1,control,30pct,3.12,TB,2023-05-09,,,
N2,control,30pct,6.23,TB,2023-05-10,,,
N2,control,30pct,4.13,TB,2023-05-10,,,
N2,control,30pct,7.45,TB,2023-05-10,,,
N2,control,30pct,6.44,TB,2023-05-10,,,
N2,control,30pct,7.24,TB,2023-05-10,,,
N2,control,30pct,9.74,TB,2023-05-10,,,
N2,control,30pct,17.42,TB,2023-05-10,,,
N2,control,30pct,11.54,TB,2023-05-10,,,
N2,control,30pct,7.2,TB,2023-05-10,,,
N2,control,30pct,9.23,TB,2023-05-10,,,
N2,control,30pct,8.32,TB,2023-05-10,,,
N2,control,30pct,5.29,TB,2023-05-10,,,
N2,control,30pct,12.62,TB,2023-05-10,,,
N2,control,30pct,15.68,TB,2023-05-10,,,
N2,control,30pct,10.67,TB,2023-05-10,,,
N2,control,30pct,4.34,TB,2023-05-10,,,
N2,control,30pct,6.98,TB,2023-05-10,,,
tbh-1,control,30pct,1.43,TB,2023-05-10,,,
tbh-1,control,30pct,7.35,TB,2023-05-10,,,
tbh-1,control,30pct,3.54,TB,2023-05-10,,,
tbh-1,control,30pct,2.65,TB,2023-05-10,,,
tbh-1,control,30pct,7.32,TB,2023-05-10,,,
tbh-1,control,30pct,1.45,TB,2023-05-10,,,
tbh-1,control,30pct,4.6,TB,2023-05-10,,,
tbh-1,control,30pct,1.27,TB,2023-05-10,,,
tbh-1,control,30pct,4.92,TB,2023-05-10,,,
tbh-1,control,30pct,6.79,TB,2023-05-10,,,
tbh-1,control,30pct,5.92,TB,2023-05-10,,,
tbh-1,control,30pct,2.44,TB,2023-05-10,,,
tbh-1,control,30pct,2.95,TB,2023-05-10,,,
tbh-1,control,30pct,4.02,TB,2023-05-10,,,
tbh-1,control,30pct,5.54,TB,2023-05-10,,,
tbh-1,control,30pct,8.31,TB,2023-05-10,,,
tbh-1,control,30pct,5.86,TB,2023-05-10,,,
tbh-1,control,30pct,3.78,TB,2023-05-10,,,
tbh-1,control,30pct,3.65,TB,2023-05-10,,,
cest-2.1,control,30pct,2.46,TB,2023-05-10,,,
cest-2.1,control,30pct,2.35,TB,2023-05-10,,,
cest-2.1,control,30pct,1.73,TB,2023-05-10,,,
cest-2.1,control,30pct,3.79,TB,2023-05-10,,,
cest-2.1,control,30pct,2.31,TB,2023-05-10,,,
cest-2.1,control,30pct,7.91,TB,2023-05-10,,,
cest-2.1,control,30pct,3.98,TB,2023-05-10,,,
cest-2.1,control,30pct,2.93,TB,2023-05-10,,,
cest-2.1,control,30pct,4.1,TB,2023-05-10,,,
cest-2.1,control,30pct,1.47,TB,2023-05-10,,,
cest-2.1,control,30pct,4.12,TB,2023-05-10,,,
cest-2.1,control,30pct,1.67,TB,2023-05-10,,,
cest-2.1,control,30pct,8.32,TB,2023-05-10,,,
cest-2.1,control,30pct,6.74,TB,2023-05-10,,,
cest-2.1,control,30pct,5.18,TB,2023-05-10,,,
cest-2.1,control,30pct,4.23,TB,2023-05-10,,,
cest-2.1,control,30pct,2.51,TB,2023-05-24,,,
cest-2.1,control,30pct,2.25,TB,2023-05-24,,,
cest-2.1,control,30pct,3.2,TB,2023-05-24,,,
cest-2.1,control,30pct,2.66,TB,2023-05-24,,,
cest-2.1,control,30pct,1.98,TB,2023-05-24,,,
cest-2.1,control,30pct,1.93,TB,2023-05-24,,,
cest-2.1,control,30pct,3.84,TB,2023-05-24,,,
cest-2.1,control,30pct,2.66,TB,2023-05-24,,,
cest-2.1,control,30pct,3.82,TB,2023-05-24,,,
cest-2.1,control,30pct,3.1,TB,2023-05-24,,,
cest-2.1,control,30pct,4.81,TB,2023-05-24,,,
cest-2.1,control,30pct,3.21,TB,2023-05-24,,,
cest-2.1,control,30pct,2.41,TB,2023-05-24,,,
cest-2.1,control,30pct,6.76,TB,2023-05-24,,,
cest-2.1,control,30pct,3.98,TB,2023-05-24,,,
cest-2.1,control,30pct,4.41,TB,2023-05-24,,,
cest-2.1,control,30pct,4.76,TB,2023-05-24,,,
cest-2.1,control,30pct,1.98,TB,2023-05-24,,,
cest-2.1,control,30pct,3.88,TB,2023-05-24,,,
cest-2.1,control,30pct,5.7,TB,2023-05-24,,,
N2,control,30pct,3.27,TB,2023-05-24,,,
N2,control,30pct,4.72,TB,2023-05-24,,,
N2,control,30pct,6.15,TB,2023-05-24,,,
N2,control,30pct,14.39,TB,2023-05-24,,,
N2,control,30pct,11.08,TB,2023-05-24,,,
N2,control,30pct,7.85,TB,2023-05-24,,,
N2,control,30pct,6.04,TB,2023-05-24,,,
N2,control,30pct,8.15,TB,2023-05-24,,,
N2,control,30pct,10.35,TB,2023-05-24,,,
N2,control,30pct,5.31,TB,2023-05-24,,,
N2,control,30pct,5.38,TB,2023-05-24,,,
N2,control,30pct,9.25,TB,2023-05-24,,,
N2,control,30pct,16.2,TB,2023-05-24,,,
N2,control,30pct,6.41,TB,2023-05-24,,,
N2,control,30pct,9.28,TB,2023-05-24,,,
N2,control,30pct,5.73,TB,2023-05-24,,,
N2,control,30pct,7.19,TB,2023-05-24,,,
glo-1,control,30pct,4.17,TB,2023-05-24,,,
glo-1,control,30pct,5.86,TB,2023-05-24,,,
glo-1,control,30pct,3.19,TB,2023-05-24,,,
glo-1,control,30pct,4.17,TB,2023-05-24,,,
glo-1,control,30pct,8.55,TB,2023-05-24,,,
glo-1,control,30pct,3.98,TB,2023-05-24,,,
glo-1,control,30pct,4.44,TB,2023-05-24,,,
glo-1,control,30pct,2.85,TB,2023-05-24,,,
glo-1,control,30pct,5.22,TB,2023-05-24,,,
glo-1,control,30pct,4.59,TB,2023-05-24,,,
glo-1,control,30pct,6.2,TB,2023-05-24,,,
glo-1,control,30pct,3.1,TB,2023-05-24,,,
glo-1,control,30pct,5.97,TB,2023-05-24,,,
glo-1,control,30pct,3.78,TB,2023-05-24,,,
glo-1,control,30pct,4.89,TB,2023-05-24,,,
ugt-64,control,30pct,4.5,TB,2023-05-24,,,
ugt-64,control,30pct,5.09,TB,2023-05-24,,,
ugt-64,control,30pct,2.93,TB,2023-05-24,,,
ugt-64,control,30pct,3.84,TB,2023-05-24,,,
ugt-64,control,30pct,9.85,TB,2023-05-24,,,
ugt-64,control,30pct,4.46,TB,2023-05-24,,,
ugt-64,control,30pct,6.51,TB,2023-05-24,,,
ugt-64,control,30pct,3.94,TB,2023-05-24,,,
ugt-64,control,30pct,10.93,TB,2023-05-24,,,
ugt-64,control,30pct,5.37,TB,2023-05-24,,,
ugt-64,control,30pct,8.55,TB,2023-05-24,,,
ugt-64,control,30pct,6.31,TB,2023-05-24,,,
ugt-64,control,30pct,6.44,TB,2023-05-24,,,
ugt-64,control,30pct,3.42,TB,2023-05-24,,,
ugt-64,control,30pct,1.95,TB,2023-05-24,,,
ugt-64,control,30pct,3.14,TB,2023-05-24,,,
ugt-64,control,30pct,5.47,TB,2023-05-24,,,
ugt-64,control,30pct,10.97,TB,2023-05-24,,,
ugt-64,control,30pct,12.42,TB,2023-05-24,,,
ugt-64,control,30pct,3.18,TB,2023-05-24,,,
N2,control,30pct,2.1,TB,2023-06-19,,,
N2,control,30pct,3.1,TB,2023-06-19,,,
N2,control,30pct,3.5,TB,2023-06-19,,,
N2,control,30pct,3.2,TB,2023-06-19,,,
N2,control,30pct,3.2,TB,2023-06-19,,,
N2,control,30pct,2.7,TB,2023-06-19,,,
N2,control,30pct,7,TB,2023-06-19,,,
N2,control,30pct,13,TB,2023-06-19,,,
N2,control,30pct,6.7,TB,2023-06-19,,,
N2,control,30pct,2.2,TB,2023-06-19,,,
N2,control,30pct,2.4,TB,2023-06-19,,,
N2,control,30pct,7.3,TB,2023-06-19,,,
N2,control,30pct,4.4,TB,2023-06-19,,,
N2,control,30pct,3.3,TB,2023-06-19,,,
N2,control,30pct,7.7,TB,2023-06-19,,,
N2,control,30pct,2.5,TB,2023-06-19,,,
N2,control,30pct,1.5,TB,2023-06-19,,,
N2,control,30pct,13.7,TB,2023-06-19,,,
N2,control,30pct,6.2,TB,2023-06-19,,,
N2,control,30pct,7.7,TB,2023-06-19,,,
N2,control,30pct,5.5,TB,2023-06-19,,,
N2,control,30pct,2,TB,2023-06-19,,,
N2,control,30pct,4.4,TB,2023-06-19,,,
N2,control,30pct,13.3,TB,2023-06-19,,,
cest-2.1,control,30pct,8.34,TB,2023-06-19,,,
cest-2.1,control,30pct,6.29,TB,2023-06-19,,,
cest-2.1,control,30pct,2.44,TB,2023-06-19,,,
cest-2.1,control,30pct,11.18,TB,2023-06-19,,,
cest-2.1,control,30pct,2.3,TB,2023-06-19,,,
cest-2.1,control,30pct,2.4,TB,2023-06-19,,,
cest-2.1,control,30pct,12,TB,2023-06-19,,,
cest-2.1,control,30pct,3.1,TB,2023-06-19,,,
cest-2.1,control,30pct,4.24,TB,2023-06-19,,,
cest-2.1,control,30pct,9.65,TB,2023-06-19,,,
cest-2.1,control,30pct,2.56,TB,2023-06-19,,,
cest-2.1,control,30pct,5.7,TB,2023-06-19,,,
cest-2.1,control,30pct,3.98,TB,2023-06-19,,,
cest-2.1,control,30pct,2.23,TB,2023-06-19,,,
cest-2.1,control,30pct,3.02,TB,2023-06-19,,,
cest-2.1,control,30pct,1.6,TB,2023-06-19,,,
cest-2.1,control,30pct,2.4,TB,2023-06-19,,,
cest-2.1,control,30pct,1.5,TB,2023-06-19,,,
cest-2.1,control,30pct,1.97,TB,2023-06-19,,,
glo-1,control,30pct,8.55,TB,2023-06-19,,,
glo-1,control,30pct,3.98,TB,2023-06-19,,,
glo-1,control,30pct,4.44,TB,2023-06-19,,,
glo-1,control,30pct,2.85,TB,2023-06-19,,,
glo-1,control,30pct,5.32,TB,2023-06-19,,,
glo-1,control,30pct,6.34,TB,2023-06-19,,,
glo-1,control,30pct,9.12,TB,2023-06-19,,,
glo-1,control,30pct,3.31,TB,2023-06-19,,,
glo-1,control,30pct,6.42,TB,2023-06-19,,,
glo-1,control,30pct,8.12,TB,2023-06-19,,,
glo-1,control,30pct,2.41,TB,2023-06-19,,,
glo-1,control,30pct,4.63,TB,2023-06-19,,,
glo-1,control,30pct,9.75,TB,2023-06-19,,,
glo-1,control,30pct,2.69,TB,2023-06-19,,,
glo-1,control,30pct,3.26,TB,2023-06-19,,,
glo-1,control,30pct,5.52,TB,2023-06-19,,,
glo-1,control,30pct,7.46,TB,2023-06-19,,,
glo-1,control,30pct,3.35,TB,2023-06-19,,,
glo-1,control,30pct,4.21,TB,2023-06-19,,,
glo-1,control,30pct,6.29,TB,2023-06-19,,,
glo-1,control,30pct,7.32,TB,2023-06-19,,,
glo-1,control,30pct,8.46,TB,2023-06-19,,,
N2,control,30pct,14.32,TB,2023-06-22,,,
N2,control,30pct,18.91,TB,2023-06-22,,,
N2,control,30pct,4.42,TB,2023-06-22,,,
N2,control,30pct,8.45,TB,2023-06-22,,,
N2,control,30pct,3.69,TB,2023-06-22,,,
N2,control,30pct,6.35,TB,2023-06-22,,,
N2,control,30pct,8.25,TB,2023-06-22,,,
N2,control,30pct,6.64,TB,2023-06-22,,,
N2,control,30pct,6.71,TB,2023-06-22,,,
N2,control,30pct,9.23,TB,2023-06-22,,,
N2,control,30pct,4.11,TB,2023-06-22,,,
N2,control,30pct,2.88,TB,2023-06-22,,,
N2,control,30pct,15.82,TB,2023-06-22,,,
N2,control,30pct,8.3,TB,2023-06-22,,,
N2,control,30pct,7.74,TB,2023-06-22,,,
N2,control,30pct,5.82,TB,2023-06-22,,,
N2,control,30pct,2.95,TB,2023-06-22,,,
N2,control,30pct,10.42,TB,2023-06-22,,,
N2,control,30pct,12.69,TB,2023-06-22,,,
N2,control,30pct,3.75,TB,2023-06-22,,,
N2,control,30pct,15.8,TB,2023-06-22,,,
N2,control,30pct,2.49,TB,2023-06-22,,,
cest-2.1,control,30pct,2.23,TB,2023-06-22,,,
cest-2.1,control,30pct,4.98,TB,2023-06-22,,,
cest-2.1,control,30pct,5.41,TB,2023-06-22,,,
cest-2.1,control,30pct,3.34,TB,2023-06-22,,,
cest-2.1,control,30pct,8.56,TB,2023-06-22,,,
cest-2.1,control,30pct,2.73,TB,2023-06-22,,,
cest-2.1,control,30pct,5.81,TB,2023-06-22,,,
cest-2.1,control,30pct,9.42,TB,2023-06-22,,,
cest-2.1,control,30pct,4.32,TB,2023-06-22,,,
cest-2.1,control,30pct,3.91,TB,2023-06-22,,,
cest-2.1,control,30pct,2.31,TB,2023-06-22,,,
cest-2.1,control,30pct,2.74,TB,2023-06-22,,,
cest-2.1,control,30pct,2.33,TB,2023-06-22,,,
cest-2.1,control,30pct,5.42,TB,2023-06-22,,,
cest-2.1,control,30pct,2.44,TB,2023-06-22,,,
cest-2.1,control,30pct,9.48,TB,2023-06-22,,,
cest-2.1,control,30pct,2.85,TB,2023-06-22,,,
tbh-1,control,30pct,3.57,TB,2023-06-22,,,
tbh-1,control,30pct,4.82,TB,2023-06-22,,,
tbh-1,control,30pct,6.34,TB,2023-06-22,,,
tbh-1,control,30pct,4.51,TB,2023-06-22,,,
tbh-1,control,30pct,2.05,TB,2023-06-22,,,
tbh-1,control,30pct,15.21,TB,2023-06-22,,,
tbh-1,control,30pct,4.41,TB,2023-06-22,,,
tbh-1,control,30pct,2.47,TB,2023-06-22,,,
tbh-1,control,30pct,6.29,TB,2023-06-22,,,
tbh-1,control,30pct,7.42,TB,2023-06-22,,,
tbh-1,control,30pct,3.57,TB,2023-06-22,,,
tbh-1,control,30pct,3.24,TB,2023-06-22,,,
tbh-1,control,30pct,4.25,TB,2023-06-22,,,
tbh-1,control,30pct,6.27,TB,2023-06-22,,,
tbh-1,control,30pct,8.25,TB,2023-06-22,,,
tbh-1,control,30pct,3.67,TB,2023-06-22,,,
tbh-1,control,30pct,7.81,TB,2023-06-22,,,
tbh-1,control,30pct,4.44,TB,2023-06-22,,,
tbh-1,control,30pct,2.65,TB,2023-06-22,,,
tbh-1,control,30pct,11.62,TB,2023-06-22,,,
tbh-1,control,30pct,3.18,TB,2023-06-22,,,
tbh-1,control,30pct,8.69,TB,2023-06-22,,,
cest-2.1,control,30pct,2.45,TB,2023-06-23,,,
cest-2.1,control,30pct,5.24,TB,2023-06-23,,,
cest-2.1,control,30pct,2.48,TB,2023-06-23,,,
cest-2.1,control,30pct,5.21,TB,2023-06-23,,,
cest-2.1,control,30pct,6.11,TB,2023-06-23,,,
cest-2.1,control,30pct,3.7,TB,2023-06-23,,,
cest-2.1,control,30pct,9.73,TB,2023-06-23,,,
cest-2.1,control,30pct,5.14,TB,2023-06-23,,,
cest-2.1,control,30pct,3.41,TB,2023-06-23,,,
cest-2.1,control,30pct,4.57,TB,2023-06-23,,,
cest-2.1,control,30pct,7.12,TB,2023-06-23,,,
cest-2.1,control,30pct,2.46,TB,2023-06-23,,,
cest-2.1,control,30pct,3.27,TB,2023-06-23,,,
cest-2.1,control,30pct,2.71,TB,2023-06-23,,,
cest-2.1,control,30pct,6.52,TB,2023-06-23,,,
cest-2.1,control,30pct,8.54,TB,2023-06-23,,,
cest-2.1,control,30pct,2.08,TB,2023-06-23,,,
N2,control,30pct,15.26,TB,2023-06-23,,,
N2,control,30pct,9.42,TB,2023-06-23,,,
N2,control,30pct,7.42,TB,2023-06-23,,,
N2,control,30pct,5.31,TB,2023-06-23,,,
N2,control,30pct,8.51,TB,2023-06-23,,,
N2,control,30pct,4.25,TB,2023-06-23,,,
N2,control,30pct,6.24,TB,2023-06-23,,,
N2,control,30pct,8.36,TB,2023-06-23,,,
N2,control,30pct,3.16,TB,2023-06-23,,,
N2,control,30pct,4.26,TB,2023-06-23,,,
N2,control,30pct,18.49,TB,2023-06-23,,,
N2,control,30pct,7.52,TB,2023-06-23,,,
N2,control,30pct,4.14,TB,2023-06-23,,,
N2,control,30pct,9.1,TB,2023-06-23,,,
N2,control,30pct,7.87,TB,2023-06-23,,,
N2,control,30pct,2.43,TB,2023-06-23,,,
N2,control,30pct,2.13,TB,2023-06-23,,,
N2,control,30pct,12.51,TB,2023-06-23,,,
N2,control,30pct,8.28,TB,2023-06-23,,,
N2,control,30pct,7.39,TB,2023-06-23,,,
N2,control,30pct,3.52,TB,2023-06-23,,,
N2,control,30pct,16.52,TB,2023-06-23,,,
N2,control,30pct,9.52,TB,2023-06-23,,,
N2,control,30pct,11.53,TB,2023-06-23,,,
glo-1,control,30pct,6.24,TB,2023-06-23,,,
glo-1,control,30pct,5.72,TB,2023-06-23,,,
glo-1,control,30pct,8.24,TB,2023-06-23,,,
glo-1,control,30pct,2.56,TB,2023-06-23,,,
glo-1,control,30pct,3.56,TB,2023-06-23,,,
glo-1,control,30pct,6.19,TB,2023-06-23,,,
glo-1,control,30pct,8.22,TB,2023-06-23,,,
glo-1,control,30pct,2.44,TB,2023-06-23,,,
glo-1,control,30pct,3.17,TB,2023-06-23,,,
glo-1,control,30pct,8.33,TB,2023-06-23,,,
glo-1,control,30pct,2.16,TB,2023-06-23,,,
glo-1,control,30pct,2.99,TB,2023-06-23,,,
glo-1,control,30pct,6.9,TB,2023-06-23,,,
glo-1,control,30pct,7.31,TB,2023-06-23,,,
glo-1,control,30pct,3.4,TB,2023-06-23,,,
ugt-64 ,control,30pct,3.65,TB,2023-06-23,,,
ugt-64 ,control,30pct,8.36,TB,2023-06-23,,,
ugt-64 ,control,30pct,9.26,TB,2023-06-23,,,
ugt-64 ,control,30pct,3.21,TB,2023-06-23,,,
ugt-64 ,control,30pct,2.74,TB,2023-06-23,,,
ugt-64 ,control,30pct,4.26,TB,2023-06-23,,,
ugt-64,control,30pct,5.93,TB,2023-06-23,,,
ugt-64 ,control,30pct,2.63,TB,2023-06-23,,,
ugt-64 ,control,30pct,2.6,TB,2023-06-23,,,
ugt-64 ,control,30pct,6.24,TB,2023-06-23,,,
ugt-64 ,control,30pct,5.28,TB,2023-06-23,,,
ugt-64 ,control,30pct,8.25,TB,2023-06-23,,,
ugt-64 ,control,30pct,12.23,TB,2023-06-23,,,
ugt-64 ,control,30pct,9.25,TB,2023-06-23,,,
ugt-64 ,control,30pct,5.3,TB,2023-06-23,,,
ugt-64 ,control,30pct,6.29,TB,2023-06-23,,,
cest-2.1,control,30pct,2.95,TB,2023-06-26,,,
cest-2.1,control,30pct,5.22,TB,2023-06-26,,,
cest-2.1,control,30pct,10.53,TB,2023-06-26,,,
cest-2.1,control,30pct,3.76,TB,2023-06-26,,,
cest-2.1,control,30pct,5.92,TB,2023-06-26,,,
cest-2.1,control,30pct,7.32,TB,2023-06-26,,,
cest-2.1,control,30pct,7.14,TB,2023-06-26,,,
cest-2.1,control,30pct,13.52,TB,2023-06-26,,,
cest-2.1,control,30pct,2.42,TB,2023-06-26,,,
cest-2.1,control,30pct,3.51,TB,2023-06-26,,,
cest-2.1,control,30pct,14.96,TB,2023-06-26,,,
cest-2.1,control,30pct,2.83,TB,2023-06-26,,,
cest-2.1,control,30pct,4.47,TB,2023-06-26,,,
cest-2.1,control,30pct,2.11,TB,2023-06-26,,,
cest-2.1,control,30pct,5.76,TB,2023-06-26,,,
cest-2.1,control,30pct,3.52,TB,2023-06-26,,,
cest-2.1,control,30pct,6.92,TB,2023-06-26,,,
cest-2.1,control,30pct,5.02,TB,2023-06-26,,,
N2,control,30pct,9.35,TB,2023-06-26,,,
N2,control,30pct,8.45,TB,2023-06-26,,,
N2,control,30pct,5.72,TB,2023-06-26,,,
N2,control,30pct,7.13,TB,2023-06-26,,,
N2,control,30pct,7.95,TB,2023-06-26,,,
N2,control,30pct,6.88,TB,2023-06-26,,,
N2,control,30pct,11.52,TB,2023-06-26,,,
N2,control,30pct,3.09,TB,2023-06-26,,,
N2,control,30pct,17.49,TB,2023-06-26,,,
N2,control,30pct,10.08,TB,2023-06-26,,,
N2,control,30pct,4.82,TB,2023-06-26,,,
N2,control,30pct,9.42,TB,2023-06-26,,,
N2,control,30pct,14.39,TB,2023-06-26,,,
N2,control,30pct,3.5,TB,2023-06-26,,,
N2,control,30pct,5.26,TB,2023-06-26,,,
N2,control,30pct,12.57,TB,2023-06-26,,,
N2,control,30pct,15.34,TB,2023-06-26,,,
N2,control,30pct,4.31,TB,2023-06-26,,,
N2,control,30pct,12.35,TB,2023-06-26,,,
N2,control,30pct,6.14,TB,2023-06-26,,,
N2,control,30pct,2.78,TB,2023-06-26,,,
N2,control,30pct,19.74,TB,2023-06-26,,,
N2,control,30pct,2.5,TB,2023-06-26,,,
N2,control,30pct,5.73,TB,2023-06-26,,,
sqv-7,control,30pct,10.25,TB,2023-06-26,,,
sqv-7,control,30pct,2.64,TB,2023-06-26,,,
sqv-7,control,30pct,13.16,TB,2023-06-26,,,
sqv-7,control,30pct,4.29,TB,2023-06-26,,,
sqv-7,control,30pct,6.19,TB,2023-06-26,,,
sqv-7,control,30pct,3.16,TB,2023-06-26,,,
sqv-7,control,30pct,8.37,TB,2023-06-26,,,
sqv-7,control,30pct,14.84,TB,2023-06-26,,,
sqv-7,control,30pct,3.25,TB,2023-06-26,,,
sqv-7,control,30pct,8.83,TB,2023-06-26,,,
sqv-7,control,30pct,4.26,TB,2023-06-26,,,
sqv-7,control,30pct,3.89,TB,2023-06-26,,,
sqv-7,control,30pct,5.29,TB,2023-06-26,,,
sqv-7,control,30pct,9.03,TB,2023-06-26,,,
sqv-7,control,30pct,2.92,TB,2023-06-26,,,
sqv-7,control,30pct,12.56,TB,2023-06-26,,,
sqv-7,control,30pct,8.58,TB,2023-06-26,,,
sqv-7,control,30pct,6.24,TB,2023-06-26,,,
sqv-7,control,30pct,4.14,TB,2023-06-26,,,
sqv-7,control,30pct,9.03,TB,2023-06-26,,,
tbh-1,control,30pct,2.91,TB,2023-06-26,,,
tbh-1,control,30pct,14.16,TB,2023-06-26,,,
tbh-1,control,30pct,2.52,TB,2023-06-26,,,
tbh-1,control,30pct,3.52,TB,2023-06-26,,,
tbh-1,control,30pct,2.84,TB,2023-06-26,,,
tbh-1,control,30pct,2.03,TB,2023-06-26,,,
tbh-1,control,30pct,12.58,TB,2023-06-26,,,
tbh-1,control,30pct,4.16,TB,2023-06-26,,,
tbh-1,control,30pct,3.92,TB,2023-06-26,,,
tbh-1,control,30pct,5.24,TB,2023-06-26,,,
tbh-1,control,30pct,3.79,TB,2023-06-26,,,
tbh-1,control,30pct,4.19,TB,2023-06-26,,,
tbh-1,control,30pct,12.68,TB,2023-06-26,,,
tbh-1,control,30pct,5.36,TB,2023-06-26,,,
N2,control,30pct,11.92,TB,2023-06-29,,,
N2,control,30pct,2.33,TB,2023-06-29,,,
N2,control,30pct,5.19,TB,2023-06-29,,,
N2,control,30pct,9.62,TB,2023-06-29,,,
N2,control,30pct,9.55,TB,2023-06-29,,,
N2,control,30pct,4.52,TB,2023-06-29,,,
N2,control,30pct,7.12,TB,2023-06-29,,,
N2,control,30pct,2.44,TB,2023-06-29,,,
N2,control,30pct,11.3,TB,2023-06-29,,,
N2,control,30pct,9.62,TB,2023-06-29,,,
N2,control,30pct,3.62,TB,2023-06-29,,,
N2,control,30pct,12.62,TB,2023-06-29,,,
N2,control,30pct,6.18,TB,2023-06-29,,,
N2,control,30pct,6.64,TB,2023-06-29,,,
N2,control,30pct,10.26,TB,2023-06-29,,,
N2,control,30pct,12.42,TB,2023-06-29,,,
N2,control,30pct,18.43,TB,2023-06-29,,,
N2,control,30pct,8.36,TB,2023-06-29,,,
N2,control,30pct,8.25,TB,2023-06-29,,,
N2,control,30pct,13.35,TB,2023-06-29,,,
cest-2.1,control,30pct,2.92,TB,2023-06-29,,,
cest-2.1,control,30pct,4.27,TB,2023-06-29,,,
cest-2.1,control,30pct,8.2,TB,2023-06-29,,,
cest-2.1,control,30pct,5.13,TB,2023-06-29,,,
cest-2.1,control,30pct,3.22,TB,2023-06-29,,,
cest-2.1,control,30pct,9.37,TB,2023-06-29,,,
cest-2.1,control,30pct,3.95,TB,2023-06-29,,,
cest-2.1,control,30pct,7.25,TB,2023-06-29,,,
cest-2.1,control,30pct,2.72,TB,2023-06-29,,,
cest-2.1,control,30pct,4.23,TB,2023-06-29,,,
cest-2.1,control,30pct,5.53,TB,2023-06-29,,,
cest-2.1,control,30pct,3.1,TB,2023-06-29,,,
cest-2.1,control,30pct,2.17,TB,2023-06-29,,,
cest-2.1,control,30pct,2.86,TB,2023-06-29,,,
cest-2.1,control,30pct,2.73,TB,2023-06-29,,,
cest-2.1,control,30pct,2.62,TB,2023-06-29,,,
cest-2.1,control,30pct,5.11,TB,2023-06-29,,,
cest-2.1,control,30pct,3.27,TB,2023-06-29,,,
cest-2.1,control,30pct,4.29,TB,2023-06-29,,,
cest-2.1,control,30pct,15.27,TB,2023-06-29,,,
cest-2.1,control,30pct,4.51,TB,2023-06-29,,,
sqv-7,control,30pct,2.92,TB,2023-06-29,,,
sqv-7,control,30pct,3.61,TB,2023-06-29,,,
sqv-7,control,30pct,4.26,TB,2023-06-29,,,
sqv-7,control,30pct,4.77,TB,2023-06-29,,,
sqv-7,control,30pct,6.25,TB,2023-06-29,,,
sqv-7,control,30pct,2.51,TB,2023-06-29,,,
sqv-7,control,30pct,2.58,TB,2023-06-29,,,
sqv-7,control,30pct,3.12,TB,2023-06-29,,,
sqv-7,control,30pct,5.62,TB,2023-06-29,,,
sqv-7,control,30pct,4.21,TB,2023-06-29,,,
sqv-7,control,30pct,8.25,TB,2023-06-29,,,
sqv-7,control,30pct,3.91,TB,2023-06-29,,,
sqv-7,control,30pct,2.05,TB,2023-06-29,,,
sqv-7,control,30pct,4.13,TB,2023-06-29,,,
sqv-7,control,30pct,12.52,TB,2023-06-29,,,
sqv-7,control,30pct,5.22,TB,2023-06-29,,,
sqv-7,control,30pct,3.33,TB,2023-06-29,,,
sqv-7,control,30pct,15.22,TB,2023-06-29,,,
N2,control,30pct,2.96,TB,2023-09-06,,,
N2,control,30pct,3.88,TB,2023-09-06,,,
N2,control,30pct,18.62,TB,2023-09-06,,,
N2,control,30pct,3.2,TB,2023-09-06,,,
N2,control,30pct,6.25,TB,2023-09-06,,,
N2,control,30pct,10.63,TB,2023-09-06,,,
N2,control,30pct,7,TB,2023-09-06,,,
N2,control,30pct,2.5,TB,2023-09-06,,,
N2,control,30pct,5.11,TB,2023-09-06,,,
N2,control,30pct,13.7,TB,2023-09-06,,,
N2,control,30pct,6.2,TB,2023-09-06,,,
N2,control,30pct,7.7,TB,2023-09-06,,,
N2,control,30pct,5.5,TB,2023-09-06,,,
N2,control,30pct,16.29,TB,2023-09-06,,,
N2,control,30pct,12.94,TB,2023-09-06,,,
N2,control,30pct,13.3,TB,2023-09-06,,,
N2,control,30pct,8.03,TB,2023-09-06,,,
N2,control,30pct,6.7,TB,2023-09-06,,,
N2,control,30pct,9.31,TB,2023-09-06,,,
N2,control,30pct,4.29,TB,2023-09-06,,,
N2,control,30pct,8.36,TB,2023-09-06,,,
N2,control,30pct,4.4,TB,2023-09-06,,,
N2,control,30pct,3.3,TB,2023-09-06,,,
N2,control,30pct,7.7,TB,2023-09-06,,,
cest-2.1,control,30pct,8.34,TB,2023-09-06,,,
cest-2.1,control,30pct,6.29,TB,2023-09-06,,,
cest-2.1,control,30pct,2.44,TB,2023-09-06,,,
cest-2.1,control,30pct,11.18,TB,2023-09-06,,,
cest-2.1,control,30pct,3.2,TB,2023-09-06,,,
cest-2.1,control,30pct,2.4,TB,2023-09-06,,,
cest-2.1,control,30pct,11.6,TB,2023-09-06,,,
cest-2.1,control,30pct,3.1,TB,2023-09-06,,,
cest-2.1,control,30pct,4.24,TB,2023-09-06,,,
cest-2.1,control,30pct,9.65,TB,2023-09-06,,,
cest-2.1,control,30pct,2.56,TB,2023-09-06,,,
cest-2.1,control,30pct,5.7,TB,2023-09-06,,,
cest-2.1,control,30pct,3.98,TB,2023-09-06,,,
cest-2.1,control,30pct,2.23,TB,2023-09-06,,,
cest-2.1,control,30pct,3.02,TB,2023-09-06,,,
cest-2.1,control,30pct,1.63,TB,2023-09-06,,,
cest-2.1,control,30pct,2.65,TB,2023-09-06,,,
cest-2.1,control,30pct,1.57,TB,2023-09-06,,,
cest-2.1,control,30pct,1.97,TB,2023-09-06,,,
sqv-7,control,30pct,8.55,TB,2023-09-06,,,
sqv-7,control,30pct,3.98,TB,2023-09-06,,,
sqv-7,control,30pct,4.44,TB,2023-09-06,,,
sqv-7,control,30pct,2.85,TB,2023-09-06,,,
sqv-7,control,30pct,5.32,TB,2023-09-06,,,
sqv-7,control,30pct,3.16,TB,2023-09-06,,,
sqv-7,control,30pct,8.37,TB,2023-09-06,,,
sqv-7,control,30pct,9.24,TB,2023-09-06,,,
sqv-7,control,30pct,3.25,TB,2023-09-06,,,
sqv-7,control,30pct,8.83,TB,2023-09-06,,,
sqv-7,control,30pct,4.26,TB,2023-09-06,,,
sqv-7,control,30pct,3.89,TB,2023-09-06,,,
sqv-7,control,30pct,5.29,TB,2023-09-06,,,
sqv-7,control,30pct,9.03,TB,2023-09-06,,,
sqv-7,control,30pct,2.92,TB,2023-09-06,,,
sqv-7,control,30pct,3.62,TB,2023-09-06,,,
sqv-7,control,30pct,8.58,TB,2023-09-06,,,
sqv-7,control,30pct,3.35,TB,2023-09-06,,,
sqv-7,control,30pct,4.21,TB,2023-09-06,,,
sqv-7,control,30pct,6.29,TB,2023-09-06,,,
sqv-7,control,30pct,7.32,TB,2023-09-06,,,
sqv-7,control,30pct,8.46,TB,2023-09-06,,,
N2,control,30pct,14.32,TB,2023-09-06,,,
N2,control,30pct,18.91,TB,2023-09-06,,,
N2,control,30pct,4.42,TB,2023-09-06,,,
N2,control,30pct,8.45,TB,2023-09-06,,,
N2,control,30pct,3.69,TB,2023-09-06,,,
N2,control,30pct,6.35,TB,2023-09-06,,,
N2,control,30pct,8.25,TB,2023-09-06,,,
N2,control,30pct,6.64,TB,2023-09-06,,,
N2,control,30pct,6.71,TB,2023-09-06,,,
N2,control,30pct,9.23,TB,2023-09-06,,,
N2,control,30pct,4.11,TB,2023-09-06,,,
N2,control,30pct,2.88,TB,2023-09-06,,,
N2,control,30pct,15.82,TB,2023-09-06,,,
N2,control,30pct,6.21,TB,2023-09-06,,,
N2,control,30pct,2.99,TB,2023-09-06,,,
N2,control,30pct,6.9,TB,2023-09-06,,,
N2,control,30pct,7.31,TB,2023-09-06,,,
N2,control,30pct,3.4,TB,2023-09-06,,,
N2,control,30pct,3.65,TB,2023-09-06,,,
N2,control,30pct,8.36,TB,2023-09-06,,,
N2,control,30pct,15.8,TB,2023-09-06,,,
N2,control,30pct,2.49,TB,2023-09-06,,,
cest-2.1,control,30pct,2.23,TB,2023-09-06,,,
cest-2.1,control,30pct,4.98,TB,2023-09-06,,,
cest-2.1,control,30pct,5.41,TB,2023-09-06,,,
cest-2.1,control,30pct,3.34,TB,2023-09-06,,,
cest-2.1,control,30pct,8.56,TB,2023-09-06,,,
cest-2.1,control,30pct,2.73,TB,2023-09-06,,,
cest-2.1,control,30pct,5.81,TB,2023-09-06,,,
cest-2.1,control,30pct,9.42,TB,2023-09-06,,,
cest-2.1,control,30pct,4.32,TB,2023-09-06,,,
cest-2.1,control,30pct,3.91,TB,2023-09-06,,,
cest-2.1,control,30pct,2.31,TB,2023-09-06,,,
cest-2.1,control,30pct,2.74,TB,2023-09-06,,,
cest-2.1,control,30pct,2.33,TB,2023-09-06,,,
cest-2.1,control,30pct,5.42,TB,2023-09-06,,,
cest-2.1,control,30pct,2.44,TB,2023-09-06,,,
cest-2.1,control,30pct,9.48,TB,2023-09-06,,,
cest-2.1,control,30pct,2.85,TB,2023-09-06,,,
sqv-7,control,30pct,3.57,TB,2023-09-06,,,
sqv-7,control,30pct,4.82,TB,2023-09-06,,,
sqv-7,control,30pct,6.34,TB,2023-09-06,,,
sqv-7,control,30pct,4.51,TB,2023-09-06,,,
sqv-7,control,30pct,2.05,TB,2023-09-06,,,
sqv-7,control,30pct,9.92,TB,2023-09-06,,,
sqv-7,control,30pct,5.16,TB,2023-09-06,,,
sqv-7,control,30pct,2.47,TB,2023-09-06,,,
sqv-7,control,30pct,6.29,TB,2023-09-06,,,
sqv-7,control,30pct,2.61,TB,2023-09-06,,,
sqv-7,control,30pct,3.57,TB,2023-09-06,,,
sqv-7,control,30pct,3.24,TB,2023-09-06,,,
sqv-7,control,30pct,4.25,TB,2023-09-06,,,
sqv-7,control,30pct,6.27,TB,2023-09-06,,,
sqv-7,control,30pct,8.25,TB,2023-09-06,,,
sqv-7,control,30pct,3.67,TB,2023-09-06,,,
sqv-7,control,30pct,5.1,TB,2023-09-06,,,
sqv-7,control,30pct,4.44,TB,2023-09-06,,,
sqv-7,control,30pct,2.65,TB,2023-09-06,,,
sqv-7,control,30pct,13.95,TB,2023-09-06,,,
sqv-7,control,30pct,3.18,TB,2023-09-06,,,
sqv-7,control,30pct,8.69,TB,2023-09-06,,,
cest-2.1,control,30pct,2.45,TB,2023-09-06,,,
cest-2.1,control,30pct,5.24,TB,2023-09-06,,,
cest-2.1,control,30pct,2.48,TB,2023-09-06,,,
cest-2.1,control,30pct,5.21,TB,2023-09-06,,,
cest-2.1,control,30pct,6.11,TB,2023-09-06,,,
cest-2.1,control,30pct,2.71,TB,2023-09-06,,,
cest-2.1,control,30pct,9.73,TB,2023-09-06,,,
cest-2.1,control,30pct,5.14,TB,2023-09-06,,,
cest-2.1,control,30pct,3.41,TB,2023-09-06,,,
cest-2.1,control,30pct,4.57,TB,2023-09-06,,,
cest-2.1,control,30pct,7.12,TB,2023-09-06,,,
cest-2.1,control,30pct,2.46,TB,2023-09-06,,,
cest-2.1,control,30pct,3.27,TB,2023-09-06,,,
cest-2.1,control,30pct,2.81,TB,2023-09-06,,,
cest-2.1,control,30pct,6.52,TB,2023-09-06,,,
cest-2.1,control,30pct,8.54,TB,2023-09-06,,,
cest-2.1,control,30pct,2.08,TB,2023-09-06,,,
N2,control,30pct,15.26,TB,2023-09-06,,,
N2,control,30pct,9.54,TB,2023-09-06,,,
N2,control,30pct,7.42,TB,2023-09-06,,,
N2,control,30pct,5.32,TB,2023-09-06,,,
N2,control,30pct,8.51,TB,2023-09-06,,,
N2,control,30pct,9.03,TB,2023-09-06,,,
N2,control,30pct,6.24,TB,2023-09-06,,,
N2,control,30pct,8.36,TB,2023-09-06,,,
N2,control,30pct,3.16,TB,2023-09-06,,,
N2,control,30pct,4.26,TB,2023-09-06,,,
N2,control,30pct,18.49,TB,2023-09-06,,,
N2,control,30pct,7.52,TB,2023-09-06,,,
N2,control,30pct,4.14,TB,2023-09-06,,,
N2,control,30pct,9.1,TB,2023-09-06,,,
N2,control,30pct,7.87,TB,2023-09-06,,,
N2,control,30pct,2.43,TB,2023-09-06,,,
N2,control,30pct,2.13,TB,2023-09-06,,,
N2,control,30pct,12.51,TB,2023-09-06,,,
N2,control,30pct,8.28,TB,2023-09-06,,,
N2,control,30pct,9.37,TB,2023-09-06,,,
N2,control,30pct,3.52,TB,2023-09-06,,,
N2,control,30pct,15.62,TB,2023-09-06,,,
N2,control,30pct,5.92,TB,2023-09-06,,,
N2,control,30pct,13.15,TB,2023-09-06,,,
sqv-7,control,30pct,6.24,TB,2023-09-06,,,
sqv-7,control,30pct,2.99,TB,2023-09-06,,,
sqv-7,control,30pct,6.9,TB,2023-09-06,,,
sqv-7,control,30pct,7.31,TB,2023-09-06,,,
sqv-7,control,30pct,3.4,TB,2023-09-06,,,
sqv-7,control,30pct,3.65,TB,2023-09-06,,,
sqv-7,control,30pct,8.36,TB,2023-09-06,,,
sqv-7,control,30pct,2.44,TB,2023-09-06,,,
sqv-7,control,30pct,3.17,TB,2023-09-06,,,
sqv-7,control,30pct,8.33,TB,2023-09-06,,,
sqv-7,control,30pct,2.16,TB,2023-09-06,,,
sqv-7,control,30pct,6.24,TB,2023-09-06,,,
sqv-7,control,30pct,5.72,TB,2023-09-06,,,
sqv-7,control,30pct,8.24,TB,2023-09-06,,,
sqv-7,control,30pct,2.56,TB,2023-09-06,,,
sqv-7,control,30pct,3.56,TB,2023-09-06,,,
sqv-7,control,30pct,6.19,TB,2023-09-06,,,
sqv-7,control,30pct,8.22,TB,2023-09-06,,,
sqv-7,control,30pct,3.21,TB,2023-09-06,,,
N2,control,30pct,2.04,TB,2024-04-21,,,
N2,control,30pct,9.33,TB,2024-04-21,,,
N2,control,30pct,4.32,TB,2024-04-21,,,
N2,control,30pct,4.93,TB,2024-04-21,,,
N2,control,30pct,,TB,2024-04-21,,,
N2,control,30pct,17.86,TB,2024-04-21,,,
N2,control,30pct,12.51,TB,2024-04-21,,,
N2,control,30pct,8.92,TB,2024-04-21,,,
N2,control,30pct,11.33,TB,2024-04-21,,,
N2,control,30pct,9.83,TB,2024-04-21,,,
N2,control,30pct,2.52,TB,2024-04-21,,,
N2,control,30pct,11.62,TB,2024-04-21,,,
N2,control,30pct,2.11,TB,2024-04-21,,,
N2,control,30pct,,TB,2024-04-21,,,
N2,control,30pct,4.63,TB,2024-04-21,,,
N2,control,30pct,7.6,TB,2024-04-21,,,
N2,control,30pct,5.48,TB,2024-04-21,,,
N2,control,30pct,3.15,TB,2024-04-21,,,
N2,control,30pct,7.04,TB,2024-04-21,,,
N2,control,30pct,18.53,TB,2024-04-21,,,
N2,control,30pct,3.9,TB,2024-04-21,,,
N2,control,30pct,7.01,TB,2024-04-21,,,
N2,control,30pct,3.24,TB,2024-04-21,,,
octr-1,control,30pct,18.72,TB,2024-04-21,,,
octr-1,control,30pct,17.89,TB,2024-04-21,,,
octr-1,control,30pct,9.51,TB,2024-04-21,,,
octr-1,control,30pct,5.52,TB,2024-04-21,,,
octr-1,control,30pct,14.45,TB,2024-04-21,,,
octr-1,control,30pct,17.42,TB,2024-04-21,,,
octr-1,control,30pct,3.61,TB,2024-04-21,,,
octr-1,control,30pct,5.88,TB,2024-04-21,,,
octr-1,control,30pct,16,TB,2024-04-21,,,
octr-1,control,30pct,12.54,TB,2024-04-21,,,
octr-1,control,30pct,15,TB,2024-04-21,,,
octr-1,control,30pct,8.49,TB,2024-04-21,,,
octr-1,control,30pct,9.23,TB,2024-04-21,,,
octr-1,control,30pct,3.51,TB,2024-04-21,,,
octr-1,control,30pct,6.37,TB,2024-04-21,,,
octr-1,control,30pct,,TB,2024-04-21,,,
octr-1,control,30pct,1.55,TB,2024-04-21,,,
octr-1,control,30pct,2.43,TB,2024-04-21,,,
octr-1,control,30pct,2.61,TB,2024-04-21,,,
ser-6,control,30pct,9.62,TB,2024-04-21,,,
ser-6,control,30pct,4.47,TB,2024-04-21,,,
ser-6,control,30pct,12.11,TB,2024-04-21,,,
ser-6,control,30pct,7.94,TB,2024-04-21,,,
ser-6,control,30pct,7.04,TB,2024-04-21,,,
ser-6,control,30pct,4.1,TB,2024-04-21,,,
ser-6,control,30pct,14.47,TB,2024-04-21,,,
ser-6,control,30pct,6.21,TB,2024-04-21,,,
ser-6,control,30pct,14.09,TB,2024-04-21,,,
ser-6,control,30pct,7.57,TB,2024-04-21,,,
ser-6,control,30pct,3.88,TB,2024-04-21,,,
ser-6,control,30pct,1.92,TB,2024-04-21,,,
ser-6,control,30pct,19.94,TB,2024-04-21,,,
ser-6,control,30pct,17.52,TB,2024-04-21,,,
ser-6,control,30pct,12.5,TB,2024-04-21,,,
ser-6,control,30pct,2.16,TB,2024-04-21,,,
ser-6,control,30pct,19.76,TB,2024-04-21,,,
ser-6,control,30pct,3.75,TB,2024-04-21,,,
ser-6,control,30pct,12.42,TB,2024-04-21,,,
cest-2.1,control,30pct,2.49,TB,2024-04-21,,,
cest-2.1,control,30pct,16.59,TB,2024-04-21,,,
cest-2.1,control,30pct,7.08,TB,2024-04-21,,,
cest-2.1,control,30pct,3.63,TB,2024-04-21,,,
cest-2.1,control,30pct,2.37,TB,2024-04-21,,,
cest-2.1,control,30pct,3.4,TB,2024-04-21,,,
cest-2.1,control,30pct,15.19,TB,2024-04-21,,,
cest-2.1,control,30pct,2.15,TB,2024-04-21,,,
cest-2.1,control,30pct,6.17,TB,2024-04-21,,,
cest-2.1,control,30pct,1.62,TB,2024-04-21,,,
cest-2.1,control,30pct,,TB,2024-04-21,,,
cest-2.1,control,30pct,1.28,TB,2024-04-21,,,
cest-2.1,control,30pct,11.56,TB,2024-04-21,,,
cest-2.1,control,30pct,11.7,TB,2024-04-21,,,
cest-2.1,control,30pct,1.19,TB,2024-04-21,,,
cest-2.1,control,30pct,15.21,TB,2024-04-21,,,
cest-2.1,control,30pct,4.72,TB,2024-04-21,,,
cest-2.1,control,30pct,1.93,TB,2024-04-21,,,
cest-2.1,control,30pct,3.47,TB,2024-04-21,,,
cest-2.1,control,30pct,2.85,TB,2024-04-21,,,
cest-2.1,control,30pct,1.38,TB,2024-04-21,,,
cest-2.1,control,30pct,8.49,TB,2024-04-21,,,
ser-3,control,30pct,9.89,TB,2024-04-21,,,
ser-3,control,30pct,15.34,TB,2024-04-21,,,
ser-3,control,30pct,14.99,TB,2024-04-21,,,
ser-3,control,30pct,4.23,TB,2024-04-21,,,
ser-3,control,30pct,1.18,TB,2024-04-21,,,
ser-3,control,30pct,3.84,TB,2024-04-21,,,
ser-3,control,30pct,3.28,TB,2024-04-21,,,
ser-3,control,30pct,13.81,TB,2024-04-21,,,
ser-3,control,30pct,3.59,TB,2024-04-21,,,
ser-3,control,30pct,11.37,TB,2024-04-21,,,
ser-3,control,30pct,2.59,TB,2024-04-21,,,
ser-3,control,30pct,2.78,TB,2024-04-21,,,
ser-3,control,30pct,,TB,2024-04-21,,,
ser-3,control,30pct,11.77,TB,2024-04-21,,,
ser-3,control,30pct,5.46,TB,2024-04-21,,,
ser-3,control,30pct,4.09,TB,2024-04-21,,,
ser-3,control,30pct,2.11,TB,2024-04-21,,,
ser-3,control,30pct,15.79,TB,2024-04-21,,,
ser-3,control,30pct,9.82,TB,2024-04-21,,,